DiaSemana,PremioFeio,Numero1,Numero2,Numero3,Numero4,Numero5,Estrela1,Estrela2,Ano
"sx, 31 dez",10 M. €,07,08,24,25,47,08,09,2004
"sx, 24 dez",10 M. €,03,04,27,29,37,05,06,2004
"sx, 17 dez",26 M. €,15,19,22,46,49,02,09,2004
"sx, 10 dez",17 M. €,01,03,13,16,43,02,07,2004
"sx, 03 dez",10 M. €,01,11,15,42,49,03,04,2004
"sx, 26 nov",41 M. €,01,04,24,34,36,06,08,2004
"sx, 19 nov",35 M. €,01,18,29,34,37,02,06,2004
"sx, 12 nov",25 M. €,04,11,12,13,32,03,09,2004
"sx, 05 nov",10 M. €,06,19,25,42,49,01,07,2004
"sx, 29 out",10 M. €,01,08,32,35,38,04,09,2004
"sx, 22 out",25 M. €,01,09,23,25,40,03,09,2004
"sx, 15 out",24 M. €,14,21,22,37,43,05,08,2004
"sx, 08 out",24 M. €,01,10,12,16,48,02,06,2004
"sx, 01 out",23 M. €,12,20,21,45,48,05,06,2004
"sx, 24 set",22 M. €,21,26,27,44,48,01,07,2004
"sx, 17 set",22 M. €,15,18,29,39,41,05,08,2004
"sx, 10 set",18 M. €,05,25,33,36,38,02,05,2004
"sx, 03 set",17 M. €,08,12,14,15,34,06,07,2004
"sx, 27 ago",14 M. €,01,11,22,28,44,01,09,2004
"sx, 20 ago",13 M. €,06,09,10,27,35,06,08,2004
"sx, 13 ago",10 M. €,20,27,41,43,50,05,08,2004
"sx, 06 ago",25 M. €,05,15,24,35,44,05,06,2004
"sx, 30 jul",21 M. €,09,10,19,37,50,01,06,2004
"sx, 23 jul",18 M. €,07,10,27,31,34,08,03,2004
"sx, 16 jul",17 M. €,24,26,31,38,50,05,08,2004
"sx, 09 jul",14 M. €,02,05,12,19,44,08,09,2004
"sx, 02 jul",13 M. €,04,23,24,28,34,01,03,2004
"sx, 25 jun",10 M. €,03,21,30,34,35,01,02,2004
"sx, 18 jun",12 M. €,02,23,28,40,43,02,06,2004
"sx, 11 jun",10 M. €,02,07,08,10,47,01,07,2004
"sx, 04 jun",13 M. €,09,13,34,41,42,03,07,2004
"sx, 28 mai",10 M. €,06,11,35,41,44,05,06,2004
"sx, 21 mai",10 M. €,15,29,37,39,49,04,09,2004
"sx, 14 mai",34 M. €,01,03,21,32,39,02,06,2004
"sx, 07 mai",25 M. €,15,16,21,36,38,01,05,2004
"sx, 30 abr",21 M. €,05,06,16,23,27,06,07,2004
"sx, 23 abr",17 M. €,06,10,21,45,49,05,03,2004
"sx, 16 abr",15 M. €,14,15,28,35,40,01,03,2004
"sx, 09 abr",26 M. €,01,04,10,19,23,02,08,2004
"sx, 02 abr",25 M. €,04,12,24,27,36,02,09,2004
"sx, 26 mar",17 M. €,03,04,10,23,43,02,04,2004
"sx, 19 mar",15 M. €,33,36,37,42,45,04,09,2004
"sx, 12 mar",15 M. €,15,24,28,44,47,04,05,2004
"sx, 05 mar",18 M. €,04,07,33,37,39,01,05,2004
"sx, 27 fev",15 M. €,14,18,19,31,37,04,05,2004
"sx, 20 fev",15 M. €,07,13,39,47,50,02,05,2004
"sx, 13 fev",15 M. €,16,29,32,36,41,07,09,2004
"sx, 30 dez",75 M. €,08,16,19,43,45,01,04,2005
"sx, 23 dez",66 M. €,15,31,36,37,42,01,07,2005
"sx, 16 dez",55 M. €,02,03,15,18,32,06,07,2005
"sx, 09 dez",44 M. €,11,18,35,38,42,01,05,2005
"sx, 02 dez",35 M. €,01,09,20,23,30,04,07,2005
"sx, 25 nov",24 M. €,01,06,27,39,47,01,06,2005
"sx, 18 nov",15 M. €,17,18,25,34,48,02,03,2005
"sx, 11 nov",44 M. €,15,16,36,41,42,03,05,2005
"sx, 04 nov",35 M. €,26,36,37,38,42,02,06,2005
"sx, 28 out",24 M. €,14,36,44,47,50,03,05,2005
"sx, 21 out",15 M. €,01,14,19,29,33,01,08,2005
"sx, 14 out",15 M. €,10,11,19,20,23,01,06,2005
"sx, 07 out",15 M. €,02,13,21,26,44,03,09,2005
"sx, 30 set",24 M. €,06,11,47,48,50,01,06,2005
"sx, 23 set",15 M. €,01,26,31,34,47,04,09,2005
"sx, 16 set",76 M. €,12,13,19,21,38,03,09,2005
"sx, 09 set",66 M. €,08,12,19,31,50,06,07,2005
"sx, 02 set",57 M. €,03,04,14,43,50,03,06,2005
"sx, 26 ago",45 M. €,09,29,35,40,41,01,06,2005
"sx, 19 ago",35 M. €,11,24,29,31,41,01,03,2005
"sx, 12 ago",24 M. €,15,23,30,37,40,07,09,2005
"sx, 05 ago",15 M. €,02,11,21,22,30,04,06,2005
"sx, 29 jul",113 M. €,03,19,26,49,50,04,05,2005
"sx, 22 jul",96 M. €,03,14,41,48,49,01,04,2005
"sx, 15 jul",81 M. €,01,11,12,23,42,03,06,2005
"sx, 08 jul",69 M. €,35,36,42,46,49,02,08,2005
"sx, 01 jul",60 M. €,04,05,23,25,28,03,04,2005
"sx, 24 jun",52 M. €,06,08,14,15,45,07,08,2005
"sx, 17 jun",42 M. €,04,08,10,18,21,01,07,2005
"sx, 10 jun",33 M. €,06,07,32,37,47,01,07,2005
"sx, 03 jun",23 M. €,03,08,11,17,50,01,05,2005
"sx, 27 mai",15 M. €,02,24,31,48,50,04,09,2005
"sx, 20 mai",42 M. €,06,07,13,28,47,05,08,2005
"sx, 13 mai",32 M. €,12,17,31,32,40,02,09,2005
"sx, 06 mai",23 M. €,07,12,21,26,44,06,08,2005
"sx, 29 abr",15 M. €,03,09,35,39,42,01,08,2005
"sx, 22 abr",23 M. €,03,10,13,24,47,05,09,2005
"sx, 15 abr",15 M. €,06,28,31,38,42,03,09,2005
"sx, 08 abr",62 M. €,07,11,25,31,50,01,03,2005
"sx, 01 abr",39 M. €,25,26,41,44,47,03,07,2005
"sx, 25 mar",44 M. €,04,29,33,37,38,06,09,2005
"sx, 18 mar",35 M. €,06,23,39,43,48,05,07,2005
"sx, 11 mar",26 M. €,08,12,23,40,43,01,04,2005
"sx, 04 mar",17 M. €,12,24,32,37,39,07,09,2005
"sx, 25 fev",10 M. €,03,27,30,43,44,04,08,2005
"sx, 18 fev",10 M. €,20,21,26,32,46,08,09,2005
"sx, 11 fev",33 M. €,11,13,25,32,50,04,07,2005
"sx, 04 fev",25 M. €,01,08,11,30,40,07,08,2005
"sx, 28 jan",17 M. €,07,21,26,43,45,05,07,2005
"sx, 21 jan",10 M. €,10,12,14,24,26,05,08,2005
"sx, 14 jan",25 M. €,06,11,14,19,29,01,03,2005
"sx, 07 jan",17 M. €,03,23,27,47,50,02,03,2005
"sx, 29 dez",67 M. €,06,09,13,14,35,03,04,2006
"sx, 22 dez",52 M. €,09,11,20,38,43,02,03,2006
"sx, 15 dez",39 M. €,09,23,35,37,42,03,07,2006
"sx, 08 dez",27 M. €,16,17,18,36,47,01,02,2006
"sx, 01 dez",15 M. €,04,08,16,37,41,02,05,2006
"sx, 24 nov",15 M. €,05,08,17,25,40,01,05,2006
"sx, 17 nov",180 M. €,12,22,32,33,36,02,06,2006
"sx, 10 nov",152 M. €,14,21,27,30,36,02,03,2006
"sx, 03 nov",131 M. €,11,13,24,44,49,03,09,2006
"sx, 27 out",113 M. €,03,04,08,44,50,07,08,2006
"sx, 20 out",95 M. €,10,19,34,45,47,03,06,2006
"sx, 13 out",80 M. €,02,25,32,38,41,03,05,2006
"sx, 06 out",68 M. €,05,11,22,35,38,07,08,2006
"sx, 29 set",58 M. €,01,03,06,18,24,05,08,2006
"sx, 22 set",47 M. €,10,29,30,45,49,03,08,2006
"sx, 15 set",35 M. €,06,10,16,26,49,07,09,2006
"sx, 08 set",25 M. €,01,10,12,32,33,01,08,2006
"sx, 01 set",15 M. €,03,07,25,45,50,06,09,2006
"sx, 25 ago",56 M. €,10,28,40,47,48,06,08,2006
"sx, 18 ago",45 M. €,12,37,39,40,50,01,02,2006
"sx, 11 ago",35 M. €,27,28,31,46,47,02,05,2006
"sx, 04 ago",24 M. €,01,14,15,26,32,03,07,2006
"sx, 28 jul",15 M. €,03,08,12,29,43,06,07,2006
"sx, 21 jul",25 M. €,02,04,09,38,50,06,08,2006
"sx, 14 jul",15 M. €,01,07,17,31,36,02,08,2006
"sx, 07 jul",67 M. €,07,09,18,35,43,05,07,2006
"sx, 30 jun",58 M. €,06,15,16,40,43,01,02,2006
"sx, 23 jun",46 M. €,09,21,30,43,44,01,09,2006
"sx, 16 jun",36 M. €,01,16,26,30,36,03,09,2006
"sx, 09 jun",25 M. €,03,12,15,34,39,04,06,2006
"sx, 02 jun",15 M. €,07,08,27,41,48,01,06,2006
"sx, 26 mai",15 M. €,02,12,21,41,49,03,07,2006
"sx, 19 mai",15 M. €,03,05,25,34,49,05,08,2006
"sx, 12 mai",25 M. €,05,20,23,34,50,01,05,2006
"sx, 05 mai",15 M. €,04,08,14,16,50,03,09,2006
"sx, 28 abr",25 M. €,05,10,17,22,33,05,07,2006
"sx, 21 abr",15 M. €,01,20,22,37,46,01,09,2006
"sx, 14 abr",26 M. €,16,26,34,35,49,02,06,2006
"sx, 07 abr",15 M. €,12,13,29,44,50,04,05,2006
"sx, 31 mar",75 M. €,03,20,31,45,50,06,07,2006
"sx, 24 mar",64 M. €,17,28,33,35,47,04,09,2006
"sx, 17 mar",51 M. €,05,32,44,45,50,01,07,2006
"sx, 10 mar",38 M. €,01,21,33,45,49,04,08,2006
"sx, 03 mar",26 M. €,03,05,08,10,44,03,05,2006
"sx, 24 fev",15 M. €,01,11,18,19,47,03,07,2006
"sx, 17 fev",27 M. €,04,23,24,26,38,02,04,2006
"sx, 10 fev",15 M. €,05,06,38,48,50,06,07,2006
"sx, 03 fev",183 M. €,09,21,30,39,50,01,03,2006
"sx, 27 jan",146 M. €,09,15,21,40,49,01,04,2006
"sx, 20 jan",125 M. €,12,15,33,44,50,02,06,2006
"sx, 13 jan",103 M. €,08,12,19,33,34,01,06,2006
"sx, 06 jan",88 M. €,02,06,09,14,26,04,05,2006
"sx, 28 dez",15 M. €,20,21,22,31,45,07,09,2007
"sx, 21 dez",27 M. €,07,09,28,37,44,06,07,2007
"sx, 14 dez",15 M. €,08,25,30,36,44,03,04,2007
"sx, 07 dez",27 M. €,02,04,32,43,48,01,07,2007
"sx, 30 nov",15 M. €,12,19,20,30,38,07,09,2007
"sx, 23 nov",27 M. €,02,10,22,29,48,03,09,2007
"sx, 16 nov",15 M. €,09,18,23,33,37,01,08,2007
"sx, 09 nov",15 M. €,05,14,22,25,36,05,06,2007
"sx, 02 nov",40 M. €,03,16,18,19,40,01,02,2007
"sx, 26 out",27 M. €,07,20,38,40,43,01,08,2007
"sx, 19 out",15 M. €,07,18,34,35,40,07,08,2007
"sx, 12 out",15 M. €,21,32,36,46,47,03,04,2007
"sx, 05 out",15 M. €,11,20,27,35,44,02,05,2007
"sx, 28 set",130 M. €,22,30,34,35,44,04,05,2007
"sx, 21 set",27 M. €,01,17,32,35,37,01,08,2007
"sx, 14 set",15 M. €,05,09,11,29,33,07,09,2007
"sx, 07 set",15 M. €,02,03,33,34,42,03,05,2007
"sx, 31 ago",39 M. €,06,18,22,23,37,05,06,2007
"sx, 24 ago",26 M. €,01,03,16,42,48,02,03,2007
"sx, 17 ago",15 M. €,02,03,13,38,42,07,08,2007
"sx, 10 ago",52 M. €,23,40,42,43,49,02,06,2007
"sx, 03 ago",38 M. €,10,30,33,37,41,01,08,2007
"sx, 27 jul",26 M. €,01,04,21,29,41,07,08,2007
"sx, 20 jul",15 M. €,10,21,25,26,50,04,09,2007
"sx, 13 jul",54 M. €,09,13,15,31,48,03,06,2007
"sx, 06 jul",39 M. €,04,05,19,39,41,08,09,2007
"sx, 29 jun",26 M. €,08,12,28,33,45,01,03,2007
"sx, 22 jun",15 M. €,11,16,17,22,34,05,06,2007
"sx, 15 jun",27 M. €,05,07,14,21,40,03,08,2007
"sx, 08 jun",15 M. €,01,15,17,25,45,02,08,2007
"sx, 01 jun",15 M. €,06,22,37,41,42,06,09,2007
"sx, 25 mai",15 M. €,25,26,29,49,50,07,08,2007
"sx, 18 mai",15 M. €,26,34,37,39,49,02,06,2007
"sx, 11 mai",52 M. €,07,12,26,29,49,02,06,2007
"sx, 04 mai",39 M. €,06,17,35,41,45,01,05,2007
"sx, 27 abr",27 M. €,07,18,27,36,44,01,02,2007
"sx, 20 abr",15 M. €,23,26,32,41,45,03,07,2007
"sx, 13 abr",15 M. €,07,20,25,38,41,03,07,2007
"sx, 06 abr",27 M. €,15,23,29,41,48,03,06,2007
"sx, 30 mar",15 M. €,09,17,19,41,46,01,08,2007
"sx, 23 mar",41 M. €,05,13,17,40,43,01,03,2007
"sx, 16 mar",27 M. €,04,14,31,45,49,04,09,2007
"sx, 09 mar",15 M. €,02,03,25,43,48,06,09,2007
"sx, 02 mar",41 M. €,03,16,34,38,48,05,08,2007
"sx, 23 fev",27 M. €,02,15,18,20,22,02,05,2007
"sx, 16 fev",15 M. €,08,19,20,39,50,06,09,2007
"sx, 09 fev",100 M. €,14,16,30,36,46,02,08,2007
"sx, 02 fev",26 M. €,14,23,27,30,36,01,06,2007
"sx, 26 jan",15 M. €,11,15,23,30,38,04,09,2007
"sx, 19 jan",15 M. €,05,13,27,33,42,02,04,2007
"sx, 12 jan",15 M. €,08,11,14,19,25,03,05,2007
"sx, 05 jan",78 M. €,17,19,29,36,45,05,06,2007
"sx, 26 dez",26 M. €,01,02,26,44,50,01,07,2008
"sx, 19 dez",15 M. €,28,29,40,46,50,05,07,2008
"sx, 12 dez",15 M. €,02,19,28,42,49,02,07,2008
"sx, 05 dez",15 M. €,04,08,21,35,45,05,08,2008
"sx, 28 nov",27 M. €,08,11,16,25,41,02,04,2008
"sx, 21 nov",15 M. €,09,14,21,49,50,03,08,2008
"sx, 14 nov",15 M. €,08,10,14,21,26,03,04,2008
"sx, 07 nov",15 M. €,01,09,12,17,18,03,04,2008
"sx, 31 out",42 M. €,03,18,25,34,41,02,05,2008
"sx, 24 out",28 M. €,07,15,16,17,45,06,09,2008
"sx, 17 out",15 M. €,03,10,12,42,50,01,05,2008
"sx, 10 out",29 M. €,04,15,22,31,41,01,06,2008
"sx, 03 out",15 M. €,04,13,19,23,38,02,03,2008
"sx, 26 set",130 M. €,14,29,31,33,37,01,02,2008
"sx, 19 set",15 M. €,14,16,19,20,31,06,09,2008
"sx, 12 set",15 M. €,19,23,33,37,50,03,07,2008
"sx, 05 set",114 M. €,07,12,16,17,39,03,08,2008
"sx, 29 ago",88 M. €,02,20,25,37,39,05,08,2008
"sx, 22 ago",69 M. €,07,27,29,39,50,05,07,2008
"sx, 15 ago",54 M. €,11,17,18,26,31,05,06,2008
"sx, 08 ago",39 M. €,04,05,15,16,45,04,07,2008
"sx, 01 ago",26 M. €,01,22,25,40,50,01,08,2008
"sx, 25 jul",15 M. €,07,11,15,24,29,02,07,2008
"sx, 18 jul",15 M. €,10,14,16,29,44,05,06,2008
"sx, 11 jul",15 M. €,09,11,13,19,37,03,04,2008
"sx, 04 jul",15 M. €,07,19,22,27,48,05,07,2008
"sx, 27 jun",59 M. €,05,20,26,44,50,05,07,2008
"sx, 20 jun",43 M. €,08,11,36,37,45,03,05,2008
"sx, 13 jun",28 M. €,13,16,37,44,50,01,09,2008
"sx, 06 jun",15 M. €,07,19,21,40,50,02,09,2008
"sx, 30 mai",15 M. €,05,07,14,20,49,02,08,2008
"sx, 23 mai",15 M. €,05,09,19,21,38,01,07,2008
"sx, 16 mai",55 M. €,06,09,15,25,38,04,09,2008
"sx, 09 mai",40 M. €,08,09,40,42,45,06,07,2008
"sx, 02 mai",27 M. €,02,26,37,45,48,04,08,2008
"sx, 25 abr",15 M. €,04,19,26,27,30,03,08,2008
"sx, 18 abr",57 M. €,03,06,07,27,50,05,09,2008
"sx, 11 abr",42 M. €,06,25,30,45,50,05,07,2008
"sx, 04 abr",27 M. €,11,13,18,37,47,01,06,2008
"sx, 28 mar",15 M. €,05,09,17,29,39,03,06,2008
"sx, 21 mar",15 M. €,02,10,18,22,36,04,06,2008
"sx, 14 mar",28 M. €,13,21,25,35,48,04,08,2008
"sx, 07 mar",15 M. €,02,07,14,17,35,01,06,2008
"sx, 29 fev",15 M. €,12,37,40,47,49,02,09,2008
"sx, 22 fev",28 M. €,04,27,32,46,50,08,09,2008
"sx, 15 fev",15 M. €,12,27,29,45,46,04,07,2008
"sx, 08 fev",130 M. €,17,28,30,38,44,01,04,2008
"sx, 01 fev",15 M. €,22,30,45,47,49,04,09,2008
"sx, 25 jan",73 M. €,02,06,09,19,45,07,08,2008
"sx, 18 jan",55 M. €,14,16,23,40,46,04,08,2008
"sx, 11 jan",39 M. €,08,24,36,49,50,04,08,2008
"sx, 04 jan",26 M. €,10,12,24,25,41,03,05,2008
"sx, 25 dez",15 M. €,04,05,14,17,34,03,05,2009
"sx, 18 dez",59 M. €,14,30,32,35,49,03,08,2009
"sx, 11 dez",43 M. €,20,41,43,44,46,02,09,2009
"sx, 04 dez",29 M. €,18,19,25,30,44,01,03,2009
"sx, 27 nov",15 M. €,05,08,13,15,33,08,09,2009
"sx, 20 nov",15 M. €,05,09,28,43,47,02,09,2009
"sx, 13 nov",15 M. €,13,15,25,26,32,03,04,2009
"sx, 06 nov",100 M. €,11,19,34,43,45,05,09,2009
"sx, 30 out",77 M. €,09,33,35,38,40,02,06,2009
"sx, 23 out",59 M. €,06,18,20,29,31,02,08,2009
"sx, 16 out",43 M. €,12,23,30,31,47,03,04,2009
"sx, 09 out",28 M. €,07,11,29,46,50,04,07,2009
"sx, 02 out",15 M. €,22,23,24,29,44,01,05,2009
"sx, 25 set",15 M. €,06,17,18,21,34,03,09,2009
"sx, 18 set",100 M. €,06,16,30,38,41,02,04,2009
"sx, 11 set",42 M. €,12,15,35,42,43,04,06,2009
"sx, 04 set",28 M. €,06,09,20,38,39,03,09,2009
"sx, 28 ago",15 M. €,08,36,37,41,49,05,07,2009
"sx, 21 ago",74 M. €,04,07,16,31,42,03,05,2009
"sx, 14 ago",57 M. €,05,08,24,30,49,03,09,2009
"sx, 07 ago",42 M. €,10,20,22,24,31,02,07,2009
"sx, 31 jul",28 M. €,05,09,20,21,26,03,06,2009
"sx, 24 jul",15 M. €,14,15,25,35,47,05,09,2009
"sx, 17 jul",57 M. €,02,08,17,32,50,03,07,2009
"sx, 10 jul",42 M. €,06,16,20,42,46,01,06,2009
"sx, 03 jul",28 M. €,21,29,34,46,47,06,08,2009
"sx, 26 jun",15 M. €,06,11,21,30,39,02,08,2009
"sx, 19 jun",15 M. €,04,16,17,20,29,05,07,2009
"sx, 12 jun",58 M. €,06,14,16,34,50,04,06,2009
"sx, 05 jun",43 M. €,11,19,26,35,40,02,05,2009
"sx, 29 mai",28 M. €,02,05,30,37,47,03,06,2009
"sx, 22 mai",15 M. €,04,13,14,33,43,01,06,2009
"sx, 15 mai",15 M. €,08,18,19,20,42,05,09,2009
"sx, 08 mai",123 M. €,04,23,24,29,31,08,09,2009
"sx, 01 mai",98 M. €,05,19,31,38,47,03,05,2009
"sx, 24 abr",75 M. €,04,14,21,24,41,05,08,2009
"sx, 17 abr",58 M. €,04,07,21,44,47,01,05,2009
"sx, 10 abr",41 M. €,09,14,16,37,46,02,04,2009
"sx, 03 abr",28 M. €,02,20,24,32,46,01,09,2009
"sx, 27 mar",15 M. €,25,33,36,38,42,06,07,2009
"sx, 20 mar",29 M. €,12,16,23,31,35,04,06,2009
"sx, 13 mar",15 M. €,12,24,26,36,42,01,04,2009
"sx, 06 mar",100 M. €,13,17,19,25,35,05,06,2009
"sx, 27 fev",42 M. €,05,09,37,44,45,06,09,2009
"sx, 20 fev",28 M. €,09,12,13,14,48,01,02,2009
"sx, 13 fev",15 M. €,22,33,36,40,42,01,02,2009
"sx, 06 fev",15 M. €,10,20,30,36,40,03,05,2009
"sx, 30 jan",28 M. €,04,29,34,35,46,05,08,2009
"sx, 23 jan",15 M. €,32,33,36,40,49,02,08,2009
"sx, 16 jan",15 M. €,03,17,22,49,50,03,06,2009
"sx, 09 jan",53 M. €,07,15,22,28,48,01,04,2009
"sx, 02 jan",37 M. €,29,30,36,37,48,01,06,2009
"sx, 31 dez",15 M. €,02,24,34,38,43,01,07,2010
"sx, 24 dez",15 M. €,19,36,38,42,46,02,08,2010
"sx, 17 dez",43 M. €,03,20,29,35,42,03,08,2010
"sx, 10 dez",28 M. €,02,03,10,33,46,07,08,2010
"sx, 03 dez",15 M. €,08,19,28,32,46,04,07,2010
"sx, 26 nov",44 M. €,09,28,36,41,49,05,07,2010
"sx, 19 nov",29 M. €,12,15,32,36,45,07,09,2010
"sx, 12 nov",15 M. €,07,19,23,29,47,01,06,2010
"sx, 05 nov",28 M. €,21,23,33,40,50,04,05,2010
"sx, 29 out",15 M. €,16,20,22,32,42,08,09,2010
"sx, 22 out",28 M. €,04,05,09,11,39,03,05,2010
"sx, 15 out",15 M. €,02,31,36,38,43,03,07,2010
"sx, 08 out",129 M. €,09,30,35,39,46,06,08,2010
"sx, 01 out",100 M. €,01,04,06,27,48,01,06,2010
"sx, 24 set",28 M. €,01,04,16,40,48,01,09,2010
"sx, 17 set",15 M. €,17,27,29,38,50,01,03,2010
"sx, 10 set",15 M. €,17,21,35,41,45,01,05,2010
"sx, 03 set",15 M. €,13,24,26,47,49,04,08,2010
"sx, 27 ago",15 M. €,01,06,13,30,49,01,09,2010
"sx, 20 ago",15 M. €,05,27,31,40,42,01,06,2010
"sx, 13 ago",15 M. €,04,09,15,21,47,02,07,2010
"sx, 06 ago",15 M. €,13,25,28,29,42,04,05,2010
"sx, 30 jul",28 M. €,03,04,11,28,39,02,08,2010
"sx, 23 jul",15 M. €,04,13,35,37,46,03,09,2010
"sx, 16 jul",41 M. €,38,39,45,46,49,07,08,2010
"sx, 09 jul",28 M. €,09,24,37,39,49,03,09,2010
"sx, 02 jul",15 M. €,12,13,36,41,46,01,08,2010
"sx, 25 jun",28 M. €,01,08,18,28,31,08,09,2010
"sx, 18 jun",15 M. €,02,29,31,32,38,01,04,2010
"sx, 11 jun",15 M. €,02,22,24,36,44,01,02,2010
"sx, 04 jun",15 M. €,04,17,34,40,42,04,09,2010
"sx, 28 mai",15 M. €,04,09,31,32,33,03,07,2010
"sx, 21 mai",15 M. €,07,19,30,38,50,04,07,2010
"sx, 14 mai",99 M. €,01,17,31,43,47,02,03,2010
"sx, 07 mai",77 M. €,03,06,15,21,32,07,09,2010
"sx, 30 abr",59 M. €,06,22,24,25,36,03,08,2010
"sx, 23 abr",44 M. €,03,07,08,43,46,06,08,2010
"sx, 16 abr",29 M. €,09,11,17,26,40,03,09,2010
"sx, 09 abr",15 M. €,07,21,23,24,44,03,04,2010
"sx, 02 abr",15 M. €,12,18,24,26,45,04,05,2010
"sx, 26 mar",44 M. €,08,16,18,37,43,02,06,2010
"sx, 19 mar",29 M. €,10,28,30,38,39,02,07,2010
"sx, 12 mar",15 M. €,01,26,33,36,46,06,07,2010
"sx, 05 mar",44 M. €,12,18,19,43,49,03,09,2010
"sx, 26 fev",29 M. €,07,11,18,29,42,06,07,2010
"sx, 19 fev",15 M. €,12,31,37,38,43,02,03,2010
"sx, 12 fev",129 M. €,01,05,18,38,45,04,06,2010
"sx, 05 fev",100 M. €,34,35,38,39,46,03,04,2010
"sx, 29 jan",28 M. €,09,17,30,39,43,05,07,2010
"sx, 22 jan",15 M. €,04,22,27,36,44,07,09,2010
"sx, 15 jan",58 M. €,11,26,29,49,50,04,07,2010
"sx, 08 jan",41 M. €,04,05,14,44,46,08,09,2010
"sx, 01 jan",27 M. €,09,22,24,27,36,05,07,2010
"sx, 30 dez",50 M. €,16,36,43,44,50,07,08,2011
"te, 27 dez",37 M. €,19,21,25,26,44,03,07,2011
"sx, 23 dez",29 M. €,07,21,22,24,28,01,11,2011
"te, 20 dez",15 M. €,01,09,12,14,48,01,07,2011
"sx, 16 dez",46 M. €,02,05,10,23,31,02,05,2011
"te, 13 dez",33 M. €,07,12,18,33,37,01,11,2011
"sx, 09 dez",26 M. €,12,21,29,44,47,01,02,2011
"te, 06 dez",15 M. €,19,20,21,34,38,03,09,2011
"sx, 02 dez",26 M. €,07,27,30,40,43,08,09,2011
"te, 29 nov",15 M. €,11,25,41,45,50,02,07,2011
"sx, 25 nov",35 M. €,14,19,26,28,34,05,08,2011
"te, 22 nov",21 M. €,16,18,24,38,40,02,04,2011
"sx, 18 nov",15 M. €,04,12,24,39,44,02,04,2011
"te, 15 nov",15 M. €,06,17,22,45,47,03,11,2011
"sx, 11 nov",66 M. €,01,04,18,23,30,03,07,2011
"te, 08 nov",53 M. €,01,04,15,29,40,01,05,2011
"sx, 04 nov",45 M. €,11,14,41,43,50,02,09,2011
"te, 01 nov",33 M. €,14,20,23,45,46,01,11,2011
"sx, 28 out",26 M. €,16,17,20,39,50,04,08,2011
"te, 25 out",15 M. €,12,22,27,28,39,04,10,2011
"sx, 21 out",47 M. €,02,19,33,37,46,05,08,2011
"te, 18 out",34 M. €,18,23,37,46,48,02,10,2011
"sx, 14 out",27 M. €,12,23,29,32,47,03,05,2011
"te, 11 out",15 M. €,01,04,12,16,48,09,10,2011
"sx, 07 out",119 M. €,18,26,34,38,42,05,08,2011
"te, 04 out",100 M. €,14,16,23,38,45,08,11,2011
"sx, 30 set",48 M. €,05,15,28,31,44,01,06,2011
"te, 27 set",34 M. €,18,27,28,35,40,03,05,2011
"sx, 23 set",27 M. €,06,14,33,34,48,02,06,2011
"te, 20 set",15 M. €,09,19,25,36,38,07,11,2011
"sx, 16 set",15 M. €,02,08,17,39,42,03,10,2011
"te, 13 set",159 M. €,09,28,30,32,49,09,10,2011
"sx, 09 set",146 M. €,05,21,28,31,34,01,02,2011
"te, 06 set",126 M. €,35,42,47,48,50,08,09,2011
"sx, 02 set",114 M. €,12,26,37,38,44,04,07,2011
"te, 30 ago",97 M. €,02,08,10,19,46,05,09,2011
"sx, 26 ago",88 M. €,12,22,25,33,45,05,07,2011
"te, 23 ago",74 M. €,04,06,14,42,50,02,04,2011
"sx, 19 ago",65 M. €,06,14,16,28,31,02,11,2011
"te, 16 ago",53 M. €,01,13,17,18,45,03,08,2011
"sx, 12 ago",46 M. €,07,10,20,27,37,04,07,2011
"te, 09 ago",34 M. €,07,23,24,34,36,08,11,2011
"sx, 05 ago",26 M. €,13,14,18,32,34,01,10,2011
"te, 02 ago",15 M. €,05,08,14,24,33,03,08,2011
"sx, 29 jul",27 M. €,12,19,27,37,38,05,10,2011
"te, 26 jul",15 M. €,01,05,22,25,48,03,11,2011
"sx, 22 jul",15 M. €,04,15,23,49,50,02,06,2011
"te, 19 jul",21 M. €,03,16,25,26,35,05,09,2011
"sx, 15 jul",15 M. €,06,26,33,34,39,03,04,2011
"te, 12 jul",185 M. €,17,19,38,42,45,09,10,2011
"sx, 08 jul",185 M. €,12,13,23,40,49,07,10,2011
"te, 05 jul",171 M. €,11,28,29,47,49,01,05,2011
"sx, 01 jul",152 M. €,08,11,23,31,46,08,09,2011
"te, 28 jun",132 M. €,15,16,30,44,50,02,03,2011
"sx, 24 jun",119 M. €,05,16,20,30,41,06,11,2011
"te, 21 jun",101 M. €,17,20,35,49,50,03,04,2011
"sx, 17 jun",91 M. €,11,16,21,22,44,03,08,2011
"te, 14 jun",76 M. €,05,12,19,41,48,08,10,2011
"sx, 10 jun",68 M. €,03,19,20,37,48,08,11,2011
"te, 07 jun",54 M. €,06,25,36,38,40,04,10,2011
"sx, 03 jun",46 M. €,04,39,40,49,50,02,05,2011
"te, 31 mai",33 M. €,01,09,10,22,50,05,11,2011
"sx, 27 mai",26 M. €,09,17,25,28,49,08,09,2011
"te, 24 mai",15 M. €,16,23,24,26,29,02,09,2011
"sx, 20 mai",25 M. €,10,14,20,25,42,08,11,2011
"te, 17 mai",15 M. €,20,21,37,45,46,02,03,2011
"sx, 13 mai",123 M. €,09,11,17,36,47,01,02,2011
"te, 10 mai",100 M. €,03,10,15,28,45,05,07,2011
"sx, 06 mai",28 M. €,11,16,20,22,28,04,09,2011
"sx, 29 abr",15 M. €,15,25,38,40,41,01,02,2011
"sx, 22 abr",44 M. €,11,22,36,45,48,01,04,2011
"sx, 15 abr",29 M. €,04,06,21,39,41,02,06,2011
"sx, 08 abr",15 M. €,21,23,38,47,50,02,06,2011
"sx, 01 abr",15 M. €,04,17,21,22,33,04,08,2011
"sx, 25 mar",133 M. €,06,12,21,27,33,03,07,2011
"sx, 18 mar",105 M. €,01,13,20,26,50,06,07,2011
"sx, 11 mar",80 M. €,17,19,24,37,46,02,07,2011
"sx, 04 mar",59 M. €,11,25,27,28,41,05,08,2011
"sx, 25 fev",43 M. €,12,13,42,45,48,03,09,2011
"sx, 18 fev",28 M. €,02,03,15,45,49,05,09,2011
"sx, 11 fev",15 M. €,12,14,15,19,23,07,08,2011
"sx, 04 fev",28 M. €,02,11,24,35,47,05,09,2011
"sx, 28 jan",15 M. €,13,23,24,41,42,01,05,2011
"sx, 21 jan",29 M. €,03,11,13,18,21,04,05,2011
"sx, 14 jan",15 M. €,02,14,24,39,44,06,07,2011
"sx, 07 jan",15 M. €,01,22,32,48,50,06,07,2011
"sx, 28 dez",25 M. €,17,24,26,27,49,03,05,2012
"te, 25 dez",15 M. €,14,18,20,23,32,03,10,2012
"sx, 21 dez",100 M. €,03,05,22,40,42,03,10,2012
"te, 18 dez",85 M. €,14,18,20,35,44,02,05,2012
"sx, 14 dez",76 M. €,10,11,29,40,43,03,11,2012
"te, 11 dez",62 M. €,01,04,09,43,50,06,08,2012
"sx, 07 dez",54 M. €,10,16,18,31,42,02,05,2012
"te, 04 dez",41 M. €,05,10,28,29,44,02,04,2012
"sx, 30 nov",33 M. €,10,18,23,24,40,03,04,2012
"te, 27 nov",22 M. €,06,10,23,44,49,01,07,2012
"sx, 23 nov",15 M. €,01,09,11,20,40,01,05,2012
"te, 20 nov",21 M. €,28,30,42,45,49,05,10,2012
"sx, 16 nov",15 M. €,10,15,19,23,41,02,09,2012
"te, 13 nov",168 M. €,11,16,21,24,29,02,06,2012
"sx, 09 nov",152 M. €,14,21,22,28,47,04,05,2012
"te, 06 nov",132 M. €,07,20,25,35,41,01,09,2012
"sx, 02 nov",119 M. €,03,06,10,11,44,03,04,2012
"te, 30 out",101 M. €,23,24,25,31,44,02,03,2012
"sx, 26 out",90 M. €,05,06,09,27,38,05,11,2012
"te, 23 out",76 M. €,01,28,35,38,50,02,10,2012
"sx, 19 out",67 M. €,16,29,37,40,44,08,10,2012
"te, 16 out",54 M. €,10,32,40,41,49,02,08,2012
"sx, 12 out",46 M. €,06,07,17,35,43,02,08,2012
"te, 09 out",34 M. €,02,08,10,23,25,08,09,2012
"sx, 05 out",26 M. €,09,16,18,19,21,02,03,2012
"te, 02 out",15 M. €,04,16,21,36,42,07,08,2012
"sx, 28 set",100 M. €,20,23,26,30,33,06,09,2012
"te, 25 set",33 M. €,07,25,27,48,49,01,04,2012
"sx, 21 set",26 M. €,04,19,34,41,43,07,11,2012
"te, 18 set",15 M. €,06,07,38,39,44,07,09,2012
"sx, 14 set",26 M. €,03,10,23,27,44,07,09,2012
"te, 11 set",15 M. €,06,15,22,37,44,02,04,2012
"sx, 07 set",46 M. €,13,15,30,35,42,04,06,2012
"te, 04 set",34 M. €,11,17,18,39,44,05,10,2012
"sx, 31 ago",27 M. €,16,28,31,33,48,07,11,2012
"te, 28 ago",15 M. €,01,18,25,26,44,04,05,2012
"sx, 24 ago",46 M. €,05,06,12,19,37,03,07,2012
"te, 21 ago",34 M. €,04,05,17,38,48,03,04,2012
"sx, 17 ago",26 M. €,19,25,28,33,44,02,08,2012
"te, 14 ago",15 M. €,01,16,38,42,45,09,10,2012
"sx, 10 ago",190 M. €,11,17,21,48,50,09,10,2012
"te, 07 ago",190 M. €,20,27,34,46,50,02,03,2012
"sx, 03 ago",176 M. €,24,34,35,42,46,01,05,2012
"te, 31 jul",153 M. €,04,29,35,36,39,08,09,2012
"sx, 27 jul",135 M. €,14,15,21,23,48,02,10,2012
"te, 24 jul",112 M. €,04,16,18,25,44,01,11,2012
"sx, 20 jul",101 M. €,10,19,23,45,49,09,10,2012
"te, 17 jul",85 M. €,02,07,24,43,46,10,08,2012
"sx, 13 jul",75 M. €,08,18,25,35,46,04,09,2012
"te, 10 jul",60 M. €,01,03,16,24,37,01,08,2012
"sx, 06 jul",52 M. €,31,32,38,40,42,01,03,2012
"te, 03 jul",40 M. €,02,07,22,27,40,03,06,2012
"sx, 29 jun",33 M. €,14,17,28,29,39,01,11,2012
"te, 26 jun",21 M. €,01,11,20,22,35,08,10,2012
"sx, 22 jun",15 M. €,14,18,19,43,49,03,07,2012
"te, 19 jun",15 M. €,07,17,20,35,50,05,11,2012
"sx, 15 jun",26 M. €,10,22,27,38,48,03,07,2012
"te, 12 jun",15 M. €,08,15,26,30,48,09,10,2012
"sx, 08 jun",156 M. €,05,11,22,34,40,09,11,2012
"te, 05 jun",132 M. €,13,34,37,47,49,08,09,2012
"sx, 01 jun",116 M. €,02,04,14,26,36,09,10,2012
"te, 29 mai",99 M. €,08,15,17,25,28,03,11,2012
"sx, 25 mai",87 M. €,12,22,35,46,49,02,08,2012
"te, 22 mai",72 M. €,16,31,32,37,41,01,07,2012
"sx, 18 mai",64 M. €,13,29,43,47,50,09,11,2012
"te, 15 mai",51 M. €,02,11,13,26,50,02,05,2012
"sx, 11 mai",44 M. €,01,13,17,38,44,02,11,2012
"te, 08 mai",32 M. €,03,21,34,38,48,05,08,2012
"sx, 04 mai",25 M. €,03,26,39,40,41,01,02,2012
"te, 01 mai",15 M. €,04,05,15,19,41,09,11,2012
"sx, 27 abr",44 M. €,20,27,30,36,43,01,06,2012
"te, 24 abr",32 M. €,08,09,24,43,48,03,05,2012
"sx, 20 abr",26 M. €,03,06,29,32,41,10,11,2012
"te, 17 abr",15 M. €,10,28,33,48,49,01,10,2012
"sx, 13 abr",53 M. €,08,13,26,39,43,03,05,2012
"te, 10 abr",39 M. €,22,25,27,36,37,05,09,2012
"sx, 06 abr",32 M. €,11,20,30,35,45,02,03,2012
"te, 03 abr",21 M. €,01,08,18,25,30,09,10,2012
"sx, 30 mar",15 M. €,04,17,23,36,46,06,10,2012
"te, 27 mar",15 M. €,24,27,29,34,36,07,08,2012
"sx, 23 mar",26 M. €,09,15,23,31,50,08,11,2012
"te, 20 mar",15 M. €,15,16,28,30,46,03,04,2012
"sx, 16 mar",45 M. €,03,04,12,23,50,04,07,2012
"te, 13 mar",33 M. €,01,10,25,43,47,08,09,2012
"sx, 09 mar",26 M. €,03,32,36,39,47,06,09,2012
"te, 06 mar",15 M. €,23,24,27,37,47,02,06,2012
"sx, 02 mar",26 M. €,05,06,11,30,44,02,06,2012
"te, 28 fev",15 M. €,01,10,17,33,48,02,03,2012
"sx, 24 fev",54 M. €,03,07,12,26,34,08,10,2012
"te, 21 fev",41 M. €,11,14,24,25,29,07,11,2012
"sx, 17 fev",34 M. €,04,11,28,38,47,10,11,2012
"te, 14 fev",21 M. €,14,27,36,42,46,08,11,2012
"sx, 10 fev",15 M. €,03,08,14,31,41,07,11,2012
"te, 07 fev",53 M. €,03,15,17,28,33,02,04,2012
"sx, 03 fev",45 M. €,16,19,20,25,28,01,10,2012
"te, 31 jan",33 M. €,09,34,38,43,45,02,04,2012
"sx, 27 jan",27 M. €,10,13,19,39,44,02,06,2012
"te, 24 jan",15 M. €,01,02,06,20,36,08,11,2012
"sx, 20 jan",48 M. €,02,10,22,27,28,06,08,2012
"te, 17 jan",35 M. €,12,22,30,31,44,05,06,2012
"sx, 13 jan",28 M. €,13,14,21,27,39,06,08,2012
"te, 10 jan",15 M. €,04,09,10,30,40,02,09,2012
"sx, 06 jan",73 M. €,01,06,10,12,31,02,07,2012
"te, 03 jan",58 M. €,03,30,42,45,49,05,10,2012
"te, 31 dez",97 M. €,13,20,24,29,45,03,07,2013
"sx, 27 dez",85 M. €,01,06,13,22,28,05,10,2013
"te, 24 dez",72 M. €,05,19,31,43,50,02,06,2013
"sx, 20 dez",63 M. €,12,13,17,22,43,03,10,2013
"te, 17 dez",51 M. €,06,08,27,37,41,07,10,2013
"sx, 13 dez",43 M. €,01,22,23,24,31,06,11,2013
"te, 10 dez",31 M. €,06,24,35,49,50,01,07,2013
"sx, 06 dez",24 M. €,01,02,18,31,36,07,10,2013
"te, 03 dez",15 M. €,06,13,15,29,32,02,09,2013
"sx, 29 nov",15 M. €,02,07,10,23,43,04,07,2013
"te, 26 nov",31 M. €,19,23,27,42,44,03,05,2013
"sx, 22 nov",24 M. €,13,25,26,40,50,08,09,2013
"te, 19 nov",15 M. €,14,15,19,36,45,01,10,2013
"sx, 15 nov",100 M. €,03,13,15,29,42,01,04,2013
"te, 12 nov",15 M. €,14,29,37,40,48,02,11,2013
"sx, 08 nov",15 M. €,20,28,35,42,43,08,10,2013
"te, 05 nov",21 M. €,06,12,13,35,38,02,03,2013
"sx, 01 nov",15 M. €,07,19,29,30,33,03,08,2013
"te, 29 out",15 M. €,09,10,30,32,37,02,06,2013
"sx, 25 out",31 M. €,02,03,10,31,38,06,10,2013
"te, 22 out",21 M. €,29,33,39,41,44,09,11,2013
"sx, 18 out",15 M. €,05,25,36,46,47,02,06,2013
"te, 15 out",50 M. €,18,27,39,43,47,04,07,2013
"sx, 11 out",43 M. €,06,12,17,23,43,05,09,2013
"te, 08 out",32 M. €,23,24,26,33,42,03,05,2013
"sx, 04 out",25 M. €,06,20,24,35,50,05,10,2013
"te, 01 out",15 M. €,19,23,25,44,48,08,09,2013
"sx, 27 set",65 M. €,11,15,38,41,43,02,06,2013
"te, 24 set",53 M. €,10,20,26,28,43,09,11,2013
"sx, 20 set",45 M. €,05,11,35,38,45,02,03,2013
"te, 17 set",34 M. €,13,17,21,42,44,09,11,2013
"sx, 13 set",27 M. €,04,06,14,27,33,05,10,2013
"te, 10 set",15 M. €,07,11,14,28,30,02,10,2013
"sx, 06 set",25 M. €,11,23,25,32,37,04,07,2013
"te, 03 set",15 M. €,05,09,16,18,42,07,09,2013
"sx, 30 ago",25 M. €,02,17,25,36,45,05,09,2013
"te, 27 ago",15 M. €,07,30,38,40,43,02,06,2013
"sx, 23 ago",93 M. €,01,06,26,30,37,05,08,2013
"te, 20 ago",79 M. €,05,11,42,49,50,08,11,2013
"sx, 16 ago",70 M. €,20,24,27,37,39,05,10,2013
"te, 13 ago",59 M. €,05,17,20,47,50,01,04,2013
"sx, 09 ago",51 M. €,04,07,09,23,24,08,09,2013
"te, 06 ago",39 M. €,16,17,31,47,49,03,11,2013
"sx, 02 ago",32 M. €,21,36,37,42,48,04,07,2013
"te, 30 jul",22 M. €,03,04,11,14,43,01,06,2013
"sx, 26 jul",15 M. €,12,23,29,38,49,03,04,2013
"te, 23 jul",15 M. €,14,15,16,19,44,04,05,2013
"sx, 19 jul",15 M. €,13,16,24,26,35,02,05,2013
"te, 16 jul",22 M. €,19,23,34,47,50,04,06,2013
"sx, 12 jul",15 M. €,18,26,32,33,42,02,03,2013
"te, 09 jul",33 M. €,16,18,31,38,49,04,10,2013
"sx, 05 jul",26 M. €,04,12,15,28,33,01,10,2013
"te, 02 jul",15 M. €,11,13,14,28,30,04,05,2013
"sx, 28 jun",15 M. €,01,15,28,35,47,01,07,2013
"te, 25 jun",185 M. €,04,05,13,27,35,01,02,2013
"sx, 21 jun",166 M. €,10,11,30,36,45,01,02,2013
"te, 18 jun",143 M. €,17,24,33,41,44,01,11,2013
"sx, 14 jun",129 M. €,10,25,41,47,48,06,10,2013
"te, 11 jun",112 M. €,05,07,09,25,41,01,05,2013
"sx, 07 jun",100 M. €,07,14,26,45,50,02,07,2013
"te, 04 jun",21 M. €,31,33,34,37,40,01,06,2013
"sx, 31 mai",15 M. €,27,28,29,34,43,05,10,2013
"te, 28 mai",94 M. €,08,13,26,34,38,03,11,2013
"sx, 24 mai",85 M. €,07,17,22,27,40,02,03,2013
"te, 21 mai",71 M. €,07,08,19,28,29,05,09,2013
"sx, 17 mai",62 M. €,06,20,24,25,50,09,10,2013
"te, 14 mai",50 M. €,07,08,24,27,36,05,11,2013
"sx, 10 mai",42 M. €,01,32,35,45,48,04,11,2013
"te, 07 mai",32 M. €,13,27,28,42,43,04,06,2013
"sx, 03 mai",25 M. €,03,05,34,40,49,02,03,2013
"te, 30 abr",15 M. €,13,36,40,43,50,05,09,2013
"sx, 26 abr",32 M. €,11,16,24,38,40,02,05,2013
"te, 23 abr",21 M. €,01,04,07,10,50,04,11,2013
"sx, 19 abr",15 M. €,01,08,42,46,48,04,07,2013
"te, 16 abr",15 M. €,01,11,22,33,50,04,06,2013
"sx, 12 abr",26 M. €,05,10,15,28,45,03,09,2013
"te, 09 abr",15 M. €,15,35,38,44,48,05,10,2013
"sx, 05 abr",25 M. €,01,11,17,32,39,02,07,2013
"te, 02 abr",15 M. €,12,17,25,29,41,01,04,2013
"sx, 29 mar",130 M. €,13,30,43,44,46,05,09,2013
"te, 26 mar",111 M. €,04,26,30,42,44,06,11,2013
"sx, 22 mar",100 M. €,12,27,32,34,49,08,09,2013
"te, 19 mar",21 M. €,19,32,35,37,44,01,09,2013
"sx, 15 mar",15 M. €,04,14,21,24,39,03,10,2013
"te, 12 mar",15 M. €,02,04,10,22,50,05,08,2013
"sx, 08 mar",51 M. €,03,20,23,28,42,08,11,2013
"te, 05 mar",39 M. €,08,19,31,33,39,02,07,2013
"sx, 01 mar",32 M. €,01,11,29,36,42,04,05,2013
"te, 26 fev",21 M. €,03,12,13,17,30,02,06,2013
"sx, 22 fev",15 M. €,15,16,28,36,37,02,11,2013
"te, 19 fev",59 M. €,12,15,28,30,44,08,09,2013
"sx, 15 fev",52 M. €,02,04,22,28,42,04,09,2013
"te, 12 fev",40 M. €,05,11,16,25,28,07,09,2013
"sx, 08 fev",32 M. €,09,11,14,34,44,10,11,2013
"te, 05 fev",21 M. €,06,25,31,40,45,06,07,2013
"sx, 01 fev",15 M. €,05,21,34,37,38,01,06,2013
"te, 29 jan",15 M. €,09,16,26,36,39,02,06,2013
"sx, 25 jan",44 M. €,03,10,18,31,37,02,04,2013
"te, 22 jan",33 M. €,01,10,44,45,48,01,04,2013
"sx, 18 jan",26 M. €,04,26,27,30,39,03,10,2013
"te, 15 jan",15 M. €,22,38,40,42,47,01,11,2013
"sx, 11 jan",33 M. €,04,22,29,37,41,04,07,2013
"te, 08 jan",22 M. €,02,20,22,26,47,05,09,2013
"sx, 04 jan",15 M. €,04,10,22,27,41,08,10,2013
"te, 01 jan",36 M. €,02,07,08,36,49,01,11,2013
"te, 30 dez",15 M. €,06,18,39,44,50,08,11,2014
"sx, 26 dez",25 M. €,17,26,27,45,49,02,03,2014
"te, 23 dez",15 M. €,08,09,19,25,49,02,10,2014
"sx, 19 dez",15 M. €,23,29,31,39,44,05,08,2014
"te, 16 dez",39 M. €,03,07,12,13,25,05,08,2014
"sx, 12 dez",31 M. €,02,15,28,31,37,04,06,2014
"te, 09 dez",21 M. €,01,03,31,42,46,04,11,2014
"sx, 05 dez",15 M. €,05,08,37,47,48,02,03,2014
"te, 02 dez",72 M. €,03,15,25,44,49,01,09,2014
"sx, 28 nov",63 M. €,06,10,15,23,41,04,10,2014
"te, 25 nov",50 M. €,03,07,25,32,36,01,06,2014
"sx, 21 nov",42 M. €,04,07,28,32,37,05,10,2014
"te, 18 nov",32 M. €,02,03,17,36,38,04,11,2014
"sx, 14 nov",24 M. €,17,32,36,38,48,05,08,2014
"te, 11 nov",15 M. €,02,14,21,36,46,07,11,2014
"sx, 07 nov",32 M. €,13,25,32,38,46,01,10,2014
"te, 04 nov",21 M. €,01,06,13,17,26,03,05,2014
"sx, 31 out",15 M. €,10,13,20,33,41,03,09,2014
"te, 28 out",15 M. €,10,15,17,40,45,01,02,2014
"sx, 24 out",190 M. €,03,09,20,30,42,01,06,2014
"te, 21 out",180 M. €,20,21,27,33,40,03,10,2014
"sx, 17 out",162 M. €,01,13,40,48,49,08,10,2014
"te, 14 out",142 M. €,04,05,15,23,32,03,07,2014
"sx, 10 out",128 M. €,06,29,42,45,47,09,10,2014
"te, 07 out",111 M. €,09,21,28,30,38,01,08,2014
"sx, 03 out",100 M. €,04,13,23,48,50,05,10,2014
"te, 30 set",32 M. €,03,13,15,33,42,05,07,2014
"sx, 26 set",25 M. €,13,27,35,46,47,01,02,2014
"te, 23 set",15 M. €,12,13,14,29,35,01,07,2014
"sx, 19 set",87 M. €,06,08,34,38,48,03,09,2014
"te, 16 set",73 M. €,04,29,30,35,50,02,04,2014
"sx, 12 set",65 M. €,09,13,26,31,33,07,11,2014
"te, 09 set",54 M. €,08,15,19,24,35,08,10,2014
"sx, 05 set",47 M. €,01,18,23,46,50,03,09,2014
"te, 02 set",37 M. €,05,25,31,39,45,01,08,2014
"sx, 29 ago",30 M. €,02,09,26,32,38,03,06,2014
"te, 26 ago",21 M. €,10,22,36,45,48,04,11,2014
"sx, 22 ago",15 M. €,04,17,29,35,49,01,02,2014
"te, 19 ago",54 M. €,04,07,11,34,47,07,08,2014
"sx, 15 ago",47 M. €,04,05,21,23,30,08,10,2014
"te, 12 ago",37 M. €,07,16,19,22,33,02,05,2014
"sx, 08 ago",31 M. €,21,29,35,43,46,01,09,2014
"te, 05 ago",21 M. €,05,07,19,21,42,05,11,2014
"sx, 01 ago",15 M. €,24,44,46,48,50,05,10,2014
"te, 29 jul",37 M. €,10,23,35,40,43,03,09,2014
"sx, 25 jul",31 M. €,09,10,12,24,43,05,09,2014
"te, 22 jul",21 M. €,01,24,43,45,50,05,08,2014
"sx, 18 jul",15 M. €,01,11,29,41,43,03,11,2014
"te, 15 jul",67 M. €,15,18,20,27,34,01,03,2014
"sx, 11 jul",60 M. €,05,22,35,38,49,04,07,2014
"te, 08 jul",49 M. €,08,18,22,24,27,04,11,2014
"sx, 04 jul",41 M. €,04,18,39,43,47,02,06,2014
"te, 01 jul",31 M. €,18,22,25,27,39,05,10,2014
"sx, 27 jun",24 M. €,31,33,34,39,45,02,10,2014
"te, 24 jun",15 M. €,01,07,20,21,48,04,07,2014
"sx, 20 jun",25 M. €,05,15,25,38,49,01,02,2014
"te, 17 jun",15 M. €,11,13,37,40,48,08,09,2014
"sx, 13 jun",135 M. €,16,18,22,28,46,09,11,2014
"te, 10 jun",118 M. €,12,18,21,32,33,01,11,2014
"sx, 06 jun",105 M. €,07,25,34,40,49,09,11,2014
"te, 03 jun",87 M. €,02,15,32,39,44,05,10,2014
"sx, 30 mai",78 M. €,05,24,27,41,45,06,07,2014
"te, 27 mai",66 M. €,07,13,16,25,26,01,06,2014
"sx, 23 mai",59 M. €,03,08,31,34,47,09,11,2014
"te, 20 mai",48 M. €,05,33,36,38,47,04,09,2014
"sx, 16 mai",42 M. €,23,26,29,37,40,03,04,2014
"te, 13 mai",31 M. €,04,13,30,34,47,02,06,2014
"sx, 09 mai",24 M. €,03,21,26,28,45,07,10,2014
"te, 06 mai",15 M. €,05,19,24,31,37,01,09,2014
"sx, 02 mai",88 M. €,04,30,31,38,42,02,11,2014
"te, 29 abr",75 M. €,18,23,26,35,44,03,11,2014
"sx, 25 abr",68 M. €,13,21,24,44,49,01,09,2014
"te, 22 abr",57 M. €,13,15,20,24,46,01,08,2014
"sx, 18 abr",50 M. €,21,24,31,39,47,03,07,2014
"te, 15 abr",39 M. €,03,14,26,47,50,07,11,2014
"sx, 11 abr",33 M. €,08,12,19,30,33,04,11,2014
"te, 08 abr",21 M. €,11,18,29,42,49,04,11,2014
"sx, 04 abr",15 M. €,06,10,28,45,50,10,11,2014
"te, 01 abr",15 M. €,16,18,26,38,44,08,10,2014
"sx, 28 mar",25 M. €,03,04,19,28,43,03,07,2014
"te, 25 mar",15 M. €,07,20,26,28,50,02,08,2014
"sx, 21 mar",24 M. €,07,30,37,39,42,05,07,2014
"te, 18 mar",15 M. €,08,27,34,36,39,05,10,2014
"sx, 14 mar",129 M. €,06,24,25,27,30,05,09,2014
"te, 11 mar",112 M. €,01,04,23,33,44,07,08,2014
"sx, 07 mar",100 M. €,05,10,38,40,41,01,08,2014
"te, 04 mar",15 M. €,03,05,22,27,44,01,06,2014
"sx, 28 fev",42 M. €,12,32,38,43,44,02,07,2014
"te, 25 fev",31 M. €,21,25,28,35,42,04,06,2014
"sx, 21 fev",25 M. €,13,17,28,30,32,05,07,2014
"te, 18 fev",15 M. €,23,26,36,37,49,06,07,2014
"sx, 14 fev",25 M. €,02,04,06,19,39,02,07,2014
"te, 11 fev",15 M. €,08,17,25,41,47,01,02,2014
"sx, 07 fev",26 M. €,03,17,19,46,47,09,10,2014
"te, 04 fev",15 M. €,01,21,33,37,38,04,08,2014
"sx, 31 jan",71 M. €,08,10,15,16,31,08,09,2014
"te, 28 jan",59 M. €,18,20,23,42,48,02,09,2014
"sx, 24 jan",51 M. €,05,19,34,35,41,01,05,2014
"te, 21 jan",40 M. €,04,12,35,42,48,05,08,2014
"sx, 17 jan",32 M. €,19,26,32,33,42,04,10,2014
"te, 14 jan",21 M. €,18,20,25,26,37,10,11,2014
"sx, 10 jan",15 M. €,01,02,11,27,29,01,10,2014
"te, 07 jan",127 M. €,02,20,27,33,45,06,10,2014
"sx, 03 jan",112 M. €,03,27,31,38,44,03,08,2014
"te, 29 dez",31 M. €,05,20,31,32,36,06,07,2015
"sx, 25 dez",24 M. €,03,10,25,27,40,03,09,2015
"te, 22 dez",15 M. €,18,19,20,40,41,07,10,2015
"sx, 18 dez",83 M. €,06,22,26,29,48,05,06,2015
"te, 15 dez",71 M. €,08,11,23,27,35,04,11,2015
"sx, 11 dez",62 M. €,03,05,21,40,43,06,11,2015
"te, 08 dez",51 M. €,12,17,29,38,48,09,11,2015
"sx, 04 dez",42 M. €,08,17,18,27,39,01,07,2015
"te, 01 dez",32 M. €,02,15,25,35,45,08,10,2015
"sx, 27 nov",25 M. €,16,29,30,37,50,06,08,2015
"te, 24 nov",15 M. €,09,14,16,17,26,10,11,2015
"sx, 20 nov",162 M. €,04,30,34,46,49,07,08,2015
"te, 17 nov",144 M. €,06,07,23,37,38,10,11,2015
"sx, 13 nov",129 M. €,10,17,18,33,40,02,08,2015
"te, 10 nov",111 M. €,06,13,18,39,43,02,08,2015
"sx, 06 nov",100 M. €,03,17,26,38,40,04,10,2015
"te, 03 nov",54 M. €,08,27,39,46,49,02,06,2015
"sx, 30 out",47 M. €,08,13,17,21,34,06,07,2015
"te, 27 out",37 M. €,11,12,20,25,36,06,09,2015
"sx, 23 out",30 M. €,07,25,30,32,39,02,08,2015
"te, 20 out",21 M. €,17,19,21,30,45,08,10,2015
"sx, 16 out",15 M. €,07,28,29,43,48,03,10,2015
"te, 13 out",30 M. €,12,15,26,29,47,03,11,2015
"sx, 09 out",24 M. €,01,40,42,43,47,09,11,2015
"te, 06 out",15 M. €,11,20,22,29,32,01,08,2015
"sx, 02 out",15 M. €,07,18,21,32,35,02,11,2015
"te, 29 set",15 M. €,11,14,26,29,49,03,09,2015
"sx, 25 set",47 M. €,13,14,23,30,37,02,08,2015
"te, 22 set",37 M. €,14,23,26,27,29,07,10,2015
"sx, 18 set",30 M. €,07,29,33,34,39,07,08,2015
"te, 15 set",21 M. €,08,15,17,44,49,05,08,2015
"sx, 11 set",15 M. €,10,18,19,29,50,01,09,2015
"te, 08 set",30 M. €,14,16,39,40,42,01,04,2015
"sx, 04 set",24 M. €,08,09,27,45,50,08,10,2015
"te, 01 set",15 M. €,06,19,21,27,45,01,08,2015
"sx, 28 ago",15 M. €,11,29,30,31,34,04,07,2015
"te, 25 ago",30 M. €,27,31,33,42,50,02,05,2015
"sx, 21 ago",24 M. €,04,16,18,43,47,06,10,2015
"te, 18 ago",15 M. €,07,10,11,12,19,02,09,2015
"sx, 14 ago",40 M. €,04,07,39,44,45,03,05,2015
"te, 11 ago",30 M. €,02,03,08,15,16,04,11,2015
"sx, 07 ago",24 M. €,01,05,21,39,44,04,11,2015
"te, 04 ago",15 M. €,10,15,39,45,50,09,10,2015
"sx, 31 jul",25 M. €,16,21,34,40,50,06,09,2015
"te, 28 jul",15 M. €,23,32,36,43,49,07,08,2015
"sx, 24 jul",40 M. €,02,09,21,35,46,02,11,2015
"te, 21 jul",30 M. €,14,20,27,29,44,07,10,2015
"sx, 17 jul",24 M. €,01,21,22,43,48,07,09,2015
"te, 14 jul",15 M. €,06,18,19,34,36,01,08,2015
"sx, 10 jul",40 M. €,05,08,15,35,41,04,05,2015
"te, 07 jul",31 M. €,06,07,18,33,41,03,10,2015
"sx, 03 jul",24 M. €,11,12,15,18,44,03,09,2015
"te, 30 jun",15 M. €,11,15,28,34,37,01,08,2015
"sx, 26 jun",25 M. €,03,06,10,19,24,05,07,2015
"te, 23 jun",15 M. €,04,16,22,38,49,06,09,2015
"sx, 19 jun",24 M. €,07,14,20,31,42,03,09,2015
"te, 16 jun",15 M. €,10,15,16,36,37,03,09,2015
"sx, 12 jun",129 M. €,05,08,10,11,37,07,09,2015
"te, 09 jun",110 M. €,05,09,17,32,34,06,08,2015
"sx, 05 jun",100 M. €,02,07,08,45,48,01,09,2015
"te, 02 jun",21 M. €,07,23,29,37,41,01,08,2015
"sx, 29 mai",15 M. €,03,04,20,45,48,06,08,2015
"te, 26 mai",37 M. €,05,06,07,21,24,05,06,2015
"sx, 22 mai",31 M. €,18,24,35,44,45,05,11,2015
"te, 19 mai",21 M. €,26,30,31,35,37,08,11,2015
"sx, 15 mai",15 M. €,05,35,42,44,47,08,09,2015
"te, 12 mai",47 M. €,14,29,30,40,46,03,06,2015
"sx, 08 mai",40 M. €,07,14,19,47,49,03,10,2015
"te, 05 mai",30 M. €,01,10,17,20,42,08,09,2015
"sx, 01 mai",24 M. €,03,19,20,25,26,06,10,2015
"te, 28 abr",15 M. €,24,26,28,36,45,07,10,2015
"sx, 24 abr",51 M. €,05,19,29,31,40,03,10,2015
"te, 21 abr",39 M. €,06,14,17,42,45,01,08,2015
"sx, 17 abr",31 M. €,02,24,30,34,39,08,11,2015
"te, 14 abr",21 M. €,24,32,34,35,49,01,02,2015
"sx, 10 abr",15 M. €,22,23,25,30,43,05,09,2015
"te, 07 abr",21 M. €,18,25,39,44,50,05,08,2015
"sx, 03 abr",15 M. €,27,29,37,39,49,02,04,2015
"te, 31 mar",73 M. €,08,20,24,28,49,08,09,2015
"sx, 27 mar",64 M. €,02,30,32,39,44,06,10,2015
"te, 24 mar",52 M. €,10,24,26,39,40,03,10,2015
"sx, 20 mar",45 M. €,03,14,37,42,48,01,10,2015
"te, 17 mar",33 M. €,11,23,26,38,44,01,08,2015
"sx, 13 mar",26 M. €,04,05,18,22,23,01,03,2015
"te, 10 mar",15 M. €,02,06,23,30,31,02,10,2015
"sx, 06 mar",100 M. €,23,30,47,49,50,02,07,2015
"te, 03 mar",79 M. €,06,08,11,13,21,07,08,2015
"sx, 27 fev",70 M. €,05,14,17,25,47,09,10,2015
"te, 24 fev",58 M. €,03,25,28,34,50,01,11,2015
"sx, 20 fev",50 M. €,04,10,14,37,46,04,07,2015
"te, 17 fev",40 M. €,02,05,18,30,43,01,10,2015
"sx, 13 fev",31 M. €,12,24,39,42,44,03,11,2015
"te, 10 fev",21 M. €,13,17,20,30,45,09,10,2015
"sx, 06 fev",15 M. €,10,26,30,39,50,07,08,2015
"te, 03 fev",15 M. €,17,31,33,44,50,07,11,2015
"sx, 30 jan",15 M. €,09,13,15,19,24,03,08,2015
"te, 27 jan",21 M. €,05,10,31,33,40,08,10,2015
"sx, 23 jan",15 M. €,06,29,30,38,45,01,08,2015
"te, 20 jan",32 M. €,15,33,41,44,47,08,10,2015
"sx, 16 jan",25 M. €,29,30,32,34,46,03,06,2015
"te, 13 jan",15 M. €,08,17,21,31,34,09,10,2015
"sx, 09 jan",31 M. €,06,21,24,32,45,01,11,2015
"te, 06 jan",22 M. €,14,20,30,38,49,03,04,2015
"sx, 02 jan",15 M. €,22,24,25,28,49,03,06,2015
"sx, 30 dez",17 M. €,08,10,22,29,47,01,03,2016
"te, 27 dez",25 M. €,03,22,25,32,39,07,12,2016
"sx, 23 dez",17 M. €,04,16,20,39,46,02,05,2016
"te, 20 dez",60 M. €,13,15,17,21,27,02,03,2016
"sx, 16 dez",50 M. €,06,10,30,41,45,04,11,2016
"te, 13 dez",38 M. €,14,28,29,48,50,02,08,2016
"sx, 09 dez",29 M. €,06,12,28,37,40,01,05,2016
"te, 06 dez",17 M. €,01,07,11,27,45,04,09,2016
"sx, 02 dez",28 M. €,06,11,23,31,32,02,12,2016
"te, 29 nov",17 M. €,21,26,27,28,38,09,11,2016
"sx, 25 nov",60 M. €,05,11,17,23,28,10,11,2016
"te, 22 nov",47 M. €,05,10,33,34,47,02,10,2016
"sx, 18 nov",38 M. €,03,12,27,32,47,06,08,2016
"te, 15 nov",25 M. €,07,15,36,42,48,03,07,2016
"sx, 11 nov",17 M. €,03,22,23,38,49,02,09,2016
"te, 08 nov",38 M. €,05,09,47,49,50,08,09,2016
"sx, 04 nov",29 M. €,07,11,12,44,48,03,07,2016
"te, 01 nov",17 M. €,06,10,20,29,37,01,09,2016
"sx, 28 out",17 M. €,10,16,19,23,43,02,08,2016
"te, 25 out",49 M. €,03,15,20,21,28,01,05,2016
"sx, 21 out",39 M. €,09,20,23,44,48,08,10,2016
"te, 18 out",25 M. €,02,17,21,25,27,06,09,2016
"sx, 14 out",17 M. €,07,13,19,31,34,01,11,2016
"te, 11 out",166 M. €,05,12,20,24,37,04,11,2016
"sx, 07 out",156 M. €,02,12,20,27,30,09,11,2016
"te, 04 out",141 M. €,04,07,14,34,38,04,11,2016
"sx, 30 set",130 M. €,17,35,37,43,44,02,10,2016
"te, 27 set",17 M. €,06,09,13,39,41,02,12,2016
"sx, 23 set",23 M. €,14,16,39,42,49,03,09,2016
"te, 20 set",15 M. €,01,04,10,41,45,06,09,2016
"sx, 16 set",39 M. €,05,08,14,22,32,02,11,2016
"te, 13 set",30 M. €,04,07,16,35,44,01,03,2016
"sx, 09 set",24 M. €,04,11,15,17,28,01,03,2016
"te, 06 set",15 M. €,12,24,30,34,45,07,10,2016
"sx, 02 set",38 M. €,08,16,32,40,50,02,11,2016
"te, 30 ago",30 M. €,13,16,29,35,42,06,08,2016
"sx, 26 ago",24 M. €,01,09,28,30,48,07,08,2016
"te, 23 ago",15 M. €,02,23,31,37,45,04,08,2016
"sx, 19 ago",55 M. €,05,06,22,25,34,05,07,2016
"te, 16 ago",45 M. €,02,26,34,37,46,04,08,2016
"sx, 12 ago",39 M. €,02,15,28,36,50,02,11,2016
"te, 09 ago",29 M. €,12,19,43,44,45,05,10,2016
"sx, 05 ago",23 M. €,16,19,24,35,37,02,07,2016
"te, 02 ago",15 M. €,02,08,27,38,46,02,06,2016
"sx, 29 jul",72 M. €,01,21,26,40,50,02,04,2016
"te, 26 jul",61 M. €,03,10,13,45,49,02,11,2016
"sx, 22 jul",54 M. €,07,24,26,37,45,05,09,2016
"te, 19 jul",45 M. €,19,24,28,36,37,03,06,2016
"sx, 15 jul",39 M. €,02,11,13,14,21,01,08,2016
"te, 12 jul",30 M. €,03,07,26,33,41,02,10,2016
"sx, 08 jul",23 M. €,08,12,18,33,44,04,08,2016
"te, 05 jul",15 M. €,01,10,29,38,48,03,04,2016
"sx, 01 jul",24 M. €,02,11,13,40,50,01,10,2016
"te, 28 jun",15 M. €,26,32,37,43,49,04,05,2016
"sx, 24 jun",40 M. €,11,19,27,28,39,03,10,2016
"te, 21 jun",30 M. €,05,17,32,35,49,01,05,2016
"sx, 17 jun",24 M. €,01,07,18,27,43,04,08,2016
"te, 14 jun",15 M. €,13,34,39,42,50,09,11,2016
"sx, 10 jun",84 M. €,14,21,35,42,43,07,09,2016
"te, 07 jun",73 M. €,19,26,35,45,49,02,05,2016
"sx, 03 jun",63 M. €,07,23,31,33,39,06,10,2016
"te, 31 mai",54 M. €,06,12,26,30,48,06,07,2016
"sx, 27 mai",47 M. €,13,25,27,43,46,04,08,2016
"te, 24 mai",37 M. €,16,17,23,34,37,06,09,2016
"sx, 20 mai",30 M. €,09,14,30,41,45,04,09,2016
"te, 17 mai",21 M. €,15,27,32,36,39,03,10,2016
"sx, 13 mai",15 M. €,07,15,28,31,42,10,11,2016
"te, 10 mai",73 M. €,02,26,27,40,49,05,10,2016
"sx, 06 mai",65 M. €,32,34,40,45,48,01,10,2016
"te, 03 mai",54 M. €,08,23,24,34,38,03,07,2016
"sx, 29 abr",47 M. €,04,05,25,28,43,06,11,2016
"te, 26 abr",37 M. €,10,17,31,32,42,02,05,2016
"sx, 22 abr",30 M. €,17,26,32,34,43,02,10,2016
"te, 19 abr",21 M. €,11,14,15,27,44,02,07,2016
"sx, 15 abr",15 M. €,13,14,32,37,48,01,07,2016
"te, 12 abr",64 M. €,01,05,09,22,38,02,10,2016
"sx, 08 abr",57 M. €,06,08,26,43,49,06,10,2016
"te, 05 abr",46 M. €,03,05,09,19,40,02,05,2016
"sx, 01 abr",39 M. €,02,16,23,25,49,06,09,2016
"te, 29 mar",30 M. €,01,04,19,25,36,03,11,2016
"sx, 25 mar",24 M. €,12,19,36,42,43,05,08,2016
"te, 22 mar",15 M. €,12,15,26,42,49,05,08,2016
"sx, 18 mar",60 M. €,14,19,21,24,49,05,11,2016
"te, 15 mar",49 M. €,05,07,10,34,44,02,10,2016
"sx, 11 mar",41 M. €,01,21,26,40,43,06,09,2016
"te, 08 mar",31 M. €,01,08,09,14,23,01,07,2016
"sx, 04 mar",25 M. €,09,14,16,23,40,01,05,2016
"te, 01 mar",15 M. €,04,07,13,28,37,10,11,2016
"sx, 26 fev",15 M. €,05,13,15,33,50,09,11,2016
"te, 23 fev",31 M. €,23,25,32,37,42,01,11,2016
"sx, 19 fev",24 M. €,13,14,30,32,39,03,09,2016
"te, 16 fev",15 M. €,03,10,22,37,50,06,10,2016
"sx, 12 fev",32 M. €,03,20,28,31,49,02,05,2016
"te, 09 fev",21 M. €,06,09,13,28,37,04,05,2016
"sx, 05 fev",15 M. €,03,27,32,41,46,04,08,2016
"te, 02 fev",15 M. €,06,09,10,21,36,02,06,2016
"sx, 29 jan",131 M. €,01,05,23,29,32,01,07,2016
"te, 26 jan",115 M. €,15,24,38,40,48,02,09,2016
"sx, 22 jan",104 M. €,10,12,27,30,47,08,09,2016
"te, 19 jan",89 M. €,02,30,38,43,46,02,07,2016
"sx, 15 jan",81 M. €,10,19,38,43,46,01,11,2016
"te, 12 jan",69 M. €,01,02,10,30,44,01,08,2016
"sx, 08 jan",60 M. €,05,26,33,35,40,03,08,2016
"te, 05 jan",49 M. €,06,10,31,36,39,06,10,2016
"sx, 01 jan",41 M. €,04,37,38,39,44,04,07,2016
"sx, 29 dez",37 M. €,04,08,22,23,48,01,12,2017
"te, 26 dez",25 M. €,04,17,30,43,44,02,10,2017
"sx, 22 dez",17 M. €,05,24,30,31,43,03,06,2017
"te, 19 dez",135 M. €,08,15,30,38,46,04,07,2017
"sx, 15 dez",126 M. €,25,30,31,42,50,02,11,2017
"te, 12 dez",115 M. €,20,37,39,44,50,04,08,2017
"sx, 08 dez",106 M. €,04,22,30,32,34,03,04,2017
"te, 05 dez",97 M. €,11,36,43,44,48,02,07,2017
"sx, 01 dez",89 M. €,05,24,29,35,46,11,12,2017
"te, 28 nov",80 M. €,01,06,12,18,42,02,07,2017
"sx, 24 nov",73 M. €,19,24,28,30,50,03,10,2017
"te, 21 nov",60 M. €,02,10,14,28,31,05,07,2017
"sx, 17 nov",50 M. €,20,26,35,36,42,05,12,2017
"te, 14 nov",38 M. €,14,16,39,40,41,08,10,2017
"sx, 10 nov",29 M. €,13,22,29,36,37,01,09,2017
"te, 07 nov",17 M. €,07,19,20,37,41,02,12,2017
"sx, 03 nov",28 M. €,05,12,17,33,41,04,09,2017
"te, 31 out",17 M. €,01,12,36,43,46,03,05,2017
"sx, 27 out",17 M. €,03,16,23,32,39,01,04,2017
"te, 24 out",64 M. €,09,11,13,27,33,07,10,2017
"sx, 20 out",54 M. €,04,17,23,27,30,03,08,2017
"te, 17 out",41 M. €,13,17,19,26,36,02,03,2017
"sx, 13 out",31 M. €,23,29,37,45,50,05,11,2017
"te, 10 out",17 M. €,04,21,34,36,37,03,06,2017
"sx, 06 out",190 M. €,01,09,15,19,25,01,07,2017
"te, 03 out",190 M. €,06,24,32,48,50,01,05,2017
"sx, 29 set",177 M. €,07,18,19,32,48,03,07,2017
"te, 26 set",163 M. €,01,29,40,41,48,06,12,2017
"sx, 22 set",153 M. €,06,11,31,39,42,01,03,2017
"te, 19 set",139 M. €,01,08,21,30,45,02,03,2017
"sx, 15 set",130 M. €,13,18,37,44,49,09,12,2017
"te, 12 set",36 M. €,10,17,27,29,35,04,11,2017
"sx, 08 set",28 M. €,09,24,42,47,49,01,05,2017
"te, 05 set",17 M. €,06,09,18,28,29,01,09,2017
"sx, 01 set",28 M. €,03,07,08,14,49,05,08,2017
"te, 29 ago",17 M. €,04,12,15,32,38,01,05,2017
"sx, 25 ago",17 M. €,01,05,07,15,47,09,12,2017
"te, 22 ago",43 M. €,03,10,12,17,27,03,05,2017
"sx, 18 ago",35 M. €,02,24,39,42,45,02,08,2017
"te, 15 ago",24 M. €,10,14,30,35,46,04,10,2017
"sx, 11 ago",17 M. €,18,28,39,46,48,05,12,2017
"te, 08 ago",36 M. €,15,25,26,40,41,04,05,2017
"sx, 04 ago",28 M. €,29,30,36,40,41,02,09,2017
"te, 01 ago",17 M. €,14,21,24,29,30,08,10,2017
"sx, 28 jul",57 M. €,05,09,29,31,41,02,04,2017
"te, 25 jul",45 M. €,12,14,43,44,48,02,11,2017
"sx, 21 jul",36 M. €,01,08,09,26,49,05,09,2017
"te, 18 jul",25 M. €,01,25,27,41,45,05,07,2017
"sx, 14 jul",17 M. €,11,14,20,21,47,07,10,2017
"te, 11 jul",17 M. €,14,22,26,42,50,08,10,2017
"sx, 07 jul",28 M. €,11,20,35,37,45,03,06,2017
"te, 04 jul",17 M. €,10,22,25,37,49,05,08,2017
"sx, 30 jun",100 M. €,17,35,39,47,50,06,08,2017
"te, 27 jun",79 M. €,09,17,21,28,45,01,03,2017
"sx, 23 jun",73 M. €,03,04,21,31,38,03,07,2017
"te, 20 jun",59 M. €,11,18,26,43,44,08,10,2017
"sx, 16 jun",50 M. €,15,17,38,41,42,09,12,2017
"te, 13 jun",37 M. €,03,12,22,27,49,04,11,2017
"sx, 09 jun",28 M. €,09,20,27,39,43,10,11,2017
"te, 06 jun",17 M. €,20,22,25,37,40,03,07,2017
"sx, 02 jun",152 M. €,08,10,24,33,42,03,09,2017
"te, 30 mai",139 M. €,07,12,27,38,48,06,09,2017
"sx, 26 mai",129 M. €,05,07,26,36,39,02,10,2017
"te, 23 mai",116 M. €,08,15,25,27,42,01,04,2017
"sx, 19 mai",107 M. €,09,11,12,19,30,04,09,2017
"te, 16 mai",97 M. €,08,11,15,20,30,03,08,2017
"sx, 12 mai",90 M. €,02,20,28,29,44,03,09,2017
"te, 09 mai",80 M. €,08,12,16,22,26,06,07,2017
"sx, 05 mai",73 M. €,03,07,30,35,43,01,03,2017
"te, 02 mai",66 M. €,06,19,23,25,27,11,12,2017
"sx, 28 abr",57 M. €,14,20,25,30,39,02,08,2017
"te, 25 abr",45 M. €,09,11,19,32,43,03,09,2017
"sx, 21 abr",36 M. €,02,13,16,22,49,04,05,2017
"te, 18 abr",25 M. €,17,22,31,38,45,05,12,2017
"sx, 14 abr",17 M. €,04,14,20,23,33,06,10,2017
"te, 11 abr",83 M. €,05,21,22,31,49,02,08,2017
"sx, 07 abr",76 M. €,02,10,19,35,50,06,07,2017
"te, 04 abr",68 M. €,01,09,24,33,34,02,06,2017
"sx, 31 mar",58 M. €,17,24,26,28,45,04,12,2017
"te, 28 mar",46 M. €,09,13,31,33,46,06,10,2017
"sx, 24 mar",37 M. €,02,17,21,27,34,05,09,2017
"te, 21 mar",25 M. €,01,20,23,44,47,04,11,2017
"sx, 17 mar",17 M. €,06,10,19,29,36,03,09,2017
"te, 14 mar",79 M. €,03,05,21,36,44,03,06,2017
"sx, 10 mar",72 M. €,31,36,38,47,49,08,11,2017
"te, 07 mar",59 M. €,06,37,41,48,50,04,05,2017
"sx, 03 mar",49 M. €,02,11,29,30,47,01,12,2017
"te, 28 fev",37 M. €,10,20,31,35,42,02,12,2017
"sx, 24 fev",29 M. €,02,04,13,22,43,08,09,2017
"te, 21 fev",17 M. €,13,19,41,45,49,03,04,2017
"sx, 17 fev",17 M. €,19,25,33,36,48,02,09,2017
"te, 14 fev",46 M. €,02,10,24,40,44,03,10,2017
"sx, 10 fev",37 M. €,07,21,26,35,43,02,09,2017
"te, 07 fev",25 M. €,04,10,31,38,44,08,10,2017
"sx, 03 fev",17 M. €,03,04,15,46,50,05,09,2017
"te, 31 jan",25 M. €,03,04,17,23,44,06,09,2017
"sx, 27 jan",17 M. €,17,20,28,45,48,05,09,2017
"te, 24 jan",88 M. €,01,05,07,17,23,03,08,2017
"sx, 20 jan",80 M. €,10,17,27,31,49,03,05,2017
"te, 17 jan",71 M. €,04,16,25,43,47,02,10,2017
"sx, 13 jan",61 M. €,03,07,16,26,50,04,07,2017
"te, 10 jan",45 M. €,02,11,29,35,44,04,09,2017
"sx, 06 jan",37 M. €,10,14,18,21,49,09,11,2017
"te, 03 jan",25 M. €,19,23,27,34,49,01,11,2017
"sx, 28 dez",119 M. €,13,16,34,35,45,10,12,2018
"te, 25 dez",109 M. €,04,05,08,31,43,02,09,2018
"sx, 21 dez",101 M. €,02,12,15,34,50,03,04,2018
"te, 18 dez",91 M. €,01,09,18,39,48,05,07,2018
"sx, 14 dez",85 M. €,12,29,38,42,44,02,12,2018
"te, 11 dez",76 M. €,04,07,13,23,42,01,03,2018
"sx, 07 dez",70 M. €,11,17,26,37,48,01,10,2018
"te, 04 dez",57 M. €,19,20,21,42,45,08,09,2018
"sx, 30 nov",48 M. €,03,10,12,23,26,01,12,2018
"te, 27 nov",36 M. €,04,16,17,18,32,02,11,2018
"sx, 23 nov",28 M. €,05,08,25,26,30,03,10,2018
"te, 20 nov",17 M. €,06,19,39,45,48,07,12,2018
"sx, 16 nov",49 M. €,09,10,13,28,41,01,12,2018
"te, 13 nov",37 M. €,02,07,10,13,42,03,06,2018
"sx, 09 nov",29 M. €,14,17,32,37,49,11,12,2018
"te, 06 nov",17 M. €,14,24,36,40,43,02,09,2018
"sx, 02 nov",87 M. €,05,15,17,37,44,07,11,2018
"te, 30 out",79 M. €,17,23,27,43,44,01,12,2018
"sx, 26 out",71 M. €,05,18,21,31,35,06,09,2018
"te, 23 out",58 M. €,01,02,05,21,32,02,12,2018
"sx, 19 out",49 M. €,01,03,29,47,48,03,12,2018
"te, 16 out",36 M. €,15,28,37,40,42,01,06,2018
"sx, 12 out",27 M. €,04,09,12,31,43,05,08,2018
"te, 09 out",17 M. €,03,12,36,44,45,08,11,2018
"sx, 05 out",17 M. €,08,16,24,26,35,03,11,2018
"te, 02 out",162 M. €,07,17,29,37,45,03,11,2018
"sx, 28 set",151 M. €,02,04,08,27,50,02,09,2018
"te, 25 set",138 M. €,06,15,20,30,38,04,07,2018
"sx, 21 set",130 M. €,05,07,21,25,37,03,04,2018
"te, 18 set",45 M. €,03,08,10,32,45,04,12,2018
"sx, 14 set",36 M. €,01,03,33,40,45,03,04,2018
"te, 11 set",24 M. €,09,18,32,38,46,02,03,2018
"sx, 07 set",17 M. €,04,23,27,31,50,01,08,2018
"te, 04 set",44 M. €,05,14,28,30,47,04,11,2018
"sx, 31 ago",35 M. €,04,30,31,38,42,04,06,2018
"te, 28 ago",25 M. €,04,16,32,42,46,08,12,2018
"sx, 24 ago",17 M. €,03,14,31,36,50,01,12,2018
"te, 21 ago",107 M. €,16,23,42,43,49,10,12,2018
"sx, 17 ago",99 M. €,02,15,18,24,43,08,12,2018
"te, 14 ago",90 M. €,01,15,18,25,31,09,11,2018
"sx, 10 ago",83 M. €,18,20,36,43,44,03,09,2018
"te, 07 ago",75 M. €,16,28,29,30,36,08,10,2018
"sx, 03 ago",68 M. €,07,26,36,38,43,06,12,2018
"te, 31 jul",56 M. €,20,25,34,42,45,06,11,2018
"sx, 27 jul",47 M. €,11,17,22,23,41,06,11,2018
"te, 24 jul",35 M. €,02,04,23,39,40,03,09,2018
"sx, 20 jul",27 M. €,02,15,40,43,46,03,06,2018
"te, 17 jul",17 M. €,04,06,27,48,50,01,11,2018
"sx, 13 jul",17 M. €,01,04,14,21,49,02,12,2018
"te, 10 jul",65 M. €,03,08,26,33,45,07,10,2018
"sx, 06 jul",55 M. €,08,30,33,38,48,02,10,2018
"te, 03 jul",44 M. €,01,12,15,29,48,03,05,2018
"sx, 29 jun",36 M. €,15,21,23,40,48,03,12,2018
"te, 26 jun",24 M. €,15,16,20,34,50,04,07,2018
"sx, 22 jun",17 M. €,14,25,39,41,44,02,08,2018
"te, 19 jun",36 M. €,07,19,26,42,50,04,09,2018
"sx, 15 jun",28 M. €,23,26,33,38,49,01,12,2018
"te, 12 jun",17 M. €,07,21,23,36,38,06,08,2018
"sx, 08 jun",17 M. €,08,19,32,43,46,02,08,2018
"te, 05 jun",17 M. €,09,15,22,39,46,04,05,2018
"sx, 01 jun",74 M. €,17,18,24,29,40,04,05,2018
"te, 29 mai",66 M. €,06,11,20,38,43,02,04,2018
"sx, 25 mai",57 M. €,13,15,16,28,41,04,05,2018
"te, 22 mai",45 M. €,01,11,37,41,48,08,12,2018
"sx, 18 mai",37 M. €,05,08,10,13,31,03,06,2018
"te, 15 mai",25 M. €,04,16,20,31,39,02,12,2018
"sx, 11 mai",17 M. €,03,22,34,49,50,08,11,2018
"te, 08 mai",45 M. €,17,25,35,39,44,02,05,2018
"sx, 04 mai",36 M. €,06,12,23,39,45,09,12,2018
"te, 01 mai",24 M. €,06,15,17,42,48,04,06,2018
"sx, 27 abr",17 M. €,12,24,40,41,46,05,12,2018
"te, 24 abr",138 M. €,20,23,28,30,44,03,07,2018
"sx, 20 abr",130 M. €,03,16,25,39,44,07,11,2018
"te, 17 abr",25 M. €,15,27,33,39,50,04,06,2018
"sx, 13 abr",17 M. €,05,25,34,48,50,06,07,2018
"te, 10 abr",17 M. €,14,27,39,46,48,11,12,2018
"sx, 06 abr",76 M. €,01,29,33,45,47,04,08,2018
"te, 03 abr",67 M. €,03,08,16,40,43,05,08,2018
"sx, 30 mar",58 M. €,12,17,28,35,47,07,11,2018
"te, 27 mar",46 M. €,17,20,23,40,46,09,10,2018
"sx, 23 mar",37 M. €,05,07,11,46,50,08,11,2018
"te, 20 mar",25 M. €,26,29,37,39,44,09,11,2018
"sx, 16 mar",17 M. €,04,17,24,27,31,10,11,2018
"te, 13 mar",61 M. €,09,11,13,33,49,06,12,2018
"sx, 09 mar",50 M. €,09,14,21,32,44,01,12,2018
"te, 06 mar",37 M. €,15,20,26,31,44,02,09,2018
"sx, 02 mar",28 M. €,02,07,34,45,48,01,12,2018
"te, 27 fev",17 M. €,03,31,41,48,50,08,11,2018
"sx, 23 fev",174 M. €,10,17,18,28,47,03,07,2018
"te, 20 fev",160 M. €,06,14,19,25,29,05,11,2018
"sx, 16 fev",151 M. €,10,12,23,32,50,04,10,2018
"te, 13 fev",138 M. €,10,13,17,21,44,01,10,2018
"sx, 09 fev",128 M. €,22,31,36,38,44,01,11,2018
"te, 06 fev",116 M. €,08,17,28,34,38,06,12,2018
"sx, 02 fev",108 M. €,14,34,36,39,48,02,03,2018
"te, 30 jan",98 M. €,11,15,21,27,35,04,05,2018
"sx, 26 jan",90 M. €,06,15,24,28,48,04,09,2018
"te, 23 jan",81 M. €,05,08,09,23,24,07,08,2018
"sx, 19 jan",74 M. €,03,08,17,44,50,02,07,2018
"te, 16 jan",60 M. €,20,23,31,34,46,03,12,2018
"sx, 12 jan",50 M. €,13,21,23,30,45,04,06,2018
"te, 09 jan",37 M. €,06,12,15,38,49,02,09,2018
"sx, 05 jan",28 M. €,02,05,20,38,41,04,08,2018
"te, 02 jan",17 M. €,10,20,21,28,48,01,08,2018
"te, 31 dez",49 M. €,26,31,33,41,48,02,04,2019
"sx, 27 dez",38 M. €,01,07,22,26,35,05,10,2019
"te, 24 dez",25 M. €,03,11,13,14,47,03,06,2019
"sx, 20 dez",17 M. €,08,24,30,32,34,03,04,2019
"te, 17 dez",47 M. €,01,07,12,25,49,06,09,2019
"sx, 13 dez",37 M. €,09,16,18,23,32,02,10,2019
"te, 10 dez",25 M. €,02,10,19,21,47,02,08,2019
"sx, 06 dez",17 M. €,01,03,27,39,46,01,10,2019
"te, 03 dez",47 M. €,18,31,32,38,48,04,12,2019
"sx, 29 nov",37 M. €,03,07,12,42,50,06,08,2019
"te, 26 nov",25 M. €,02,03,15,19,34,05,08,2019
"sx, 22 nov",17 M. €,03,21,32,34,48,03,11,2019
"te, 19 nov",123 M. €,08,10,15,30,42,04,06,2019
"sx, 15 nov",114 M. €,03,13,20,32,34,04,11,2019
"te, 12 nov",104 M. €,01,21,23,25,39,02,04,2019
"sx, 08 nov",96 M. €,08,17,20,23,45,02,08,2019
"te, 05 nov",86 M. €,09,14,25,33,48,02,12,2019
"sx, 01 nov",80 M. €,02,20,39,44,48,05,07,2019
"te, 29 out",71 M. €,16,18,28,42,49,05,10,2019
"sx, 25 out",61 M. €,34,37,39,40,50,04,10,2019
"te, 22 out",47 M. €,02,05,32,33,47,07,08,2019
"sx, 18 out",37 M. €,08,18,22,41,42,11,12,2019
"te, 15 out",26 M. €,03,28,31,32,34,04,05,2019
"sx, 11 out",17 M. €,02,14,19,42,45,05,06,2019
"te, 08 out",190 M. €,07,10,15,44,49,03,12,2019
"sx, 04 out",190 M. €,06,09,35,41,44,06,09,2019
"te, 01 out",190 M. €,02,11,18,40,46,01,04,2019
"sx, 27 set",190 M. €,24,37,41,43,46,02,08,2019
"te, 24 set",190 M. €,02,33,42,47,48,01,02,2019
"sx, 20 set",188 M. €,08,21,25,38,50,04,08,2019
"te, 17 set",173 M. €,22,37,43,44,45,01,12,2019
"sx, 13 set",162 M. €,01,12,27,42,47,06,07,2019
"te, 10 set",149 M. €,03,22,25,30,49,03,06,2019
"sx, 06 set",139 M. €,10,13,22,40,48,02,05,2019
"te, 03 set",127 M. €,07,11,38,39,44,07,10,2019
"sx, 30 ago",119 M. €,25,27,45,46,49,04,06,2019
"te, 27 ago",108 M. €,08,26,35,43,47,01,09,2019
"sx, 23 ago",100 M. €,04,17,35,42,45,02,08,2019
"te, 20 ago",91 M. €,20,22,23,24,37,01,04,2019
"sx, 16 ago",84 M. €,09,10,27,37,42,01,05,2019
"te, 13 ago",75 M. €,13,29,31,33,40,02,03,2019
"sx, 09 ago",69 M. €,02,14,35,41,42,10,11,2019
"te, 06 ago",57 M. €,12,13,29,36,38,04,12,2019
"sx, 02 ago",48 M. €,13,22,33,44,50,02,05,2019
"te, 30 jul",36 M. €,15,20,23,27,40,03,06,2019
"sx, 26 jul",28 M. €,02,05,27,37,42,03,10,2019
"te, 23 jul",17 M. €,01,14,19,23,38,03,07,2019
"sx, 19 jul",108 M. €,13,14,17,26,28,02,07,2019
"te, 16 jul",97 M. €,03,05,13,18,39,07,08,2019
"sx, 12 jul",90 M. €,02,31,39,45,47,04,08,2019
"te, 09 jul",81 M. €,07,29,32,36,41,06,07,2019
"sx, 05 jul",74 M. €,02,09,20,34,42,06,09,2019
"te, 02 jul",66 M. €,11,19,29,44,45,08,12,2019
"sx, 28 jun",56 M. €,01,03,16,33,49,02,11,2019
"te, 25 jun",45 M. €,06,26,27,34,46,01,09,2019
"sx, 21 jun",36 M. €,05,08,09,25,39,03,07,2019
"te, 18 jun",24 M. €,12,24,37,40,44,03,07,2019
"sx, 14 jun",17 M. €,01,13,30,31,39,02,07,2019
"te, 11 jun",139 M. €,25,27,39,42,46,11,12,2019
"sx, 07 jun",130 M. €,01,04,16,20,34,02,05,2019
"te, 04 jun",24 M. €,09,31,32,39,41,02,08,2019
"sx, 31 mai",17 M. €,01,23,24,26,35,01,11,2019
"te, 28 mai",66 M. €,07,19,20,28,29,01,05,2019
"sx, 24 mai",57 M. €,05,16,23,30,49,06,07,2019
"te, 21 mai",44 M. €,32,33,34,39,47,08,12,2019
"sx, 17 mai",36 M. €,16,28,42,43,45,06,07,2019
"te, 14 mai",25 M. €,10,14,17,25,50,02,10,2019
"sx, 10 mai",17 M. €,01,04,27,45,48,01,07,2019
"te, 07 mai",25 M. €,07,20,26,32,47,02,11,2019
"sx, 03 mai",17 M. €,02,09,20,27,43,05,06,2019
"te, 30 abr",25 M. €,05,12,20,26,48,02,11,2019
"sx, 26 abr",17 M. €,14,33,35,47,50,09,11,2019
"te, 23 abr",44 M. €,18,23,27,42,44,02,07,2019
"sx, 19 abr",36 M. €,07,08,32,41,49,05,11,2019
"te, 16 abr",25 M. €,01,08,15,44,49,02,11,2019
"sx, 12 abr",17 M. €,01,28,35,36,46,06,09,2019
"te, 09 abr",79 M. €,18,21,29,38,41,01,11,2019
"sx, 05 abr",72 M. €,01,07,10,29,45,03,05,2019
"te, 02 abr",59 M. €,02,09,16,26,36,06,07,2019
"sx, 29 mar",49 M. €,13,23,26,32,47,06,10,2019
"te, 26 mar",37 M. €,12,19,23,43,47,02,06,2019
"sx, 22 mar",28 M. €,04,17,26,30,43,06,11,2019
"te, 19 mar",17 M. €,01,06,09,34,47,07,12,2019
"sx, 15 mar",82 M. €,03,15,24,42,46,09,12,2019
"te, 12 mar",73 M. €,05,07,13,19,31,02,09,2019
"sx, 08 mar",62 M. €,17,18,19,24,40,04,08,2019
"te, 05 mar",49 M. €,06,10,16,39,46,08,11,2019
"sx, 01 mar",39 M. €,06,09,19,26,31,11,12,2019
"te, 26 fev",25 M. €,03,15,29,35,47,03,04,2019
"sx, 22 fev",17 M. €,03,27,29,33,50,03,07,2019
"te, 19 fev",176 M. €,01,08,18,19,39,07,09,2019
"sx, 15 fev",164 M. €,15,27,34,38,49,02,10,2019
"te, 12 fev",151 M. €,06,34,36,41,50,01,05,2019
"sx, 08 fev",141 M. €,11,12,13,39,46,07,10,2019
"te, 05 fev",128 M. €,14,25,31,37,43,02,03,2019
"sx, 01 fev",120 M. €,03,21,26,41,46,01,06,2019
"te, 29 jan",84 M. €,14,24,26,32,39,03,08,2019
"sx, 25 jan",78 M. €,01,06,13,15,16,06,10,2019
"te, 22 jan",70 M. €,09,23,29,41,49,08,10,2019
"sx, 18 jan",60 M. €,05,06,16,30,46,05,10,2019
"te, 15 jan",46 M. €,22,25,29,33,35,03,06,2019
"sx, 11 jan",36 M. €,01,19,31,39,48,01,06,2019
"te, 08 jan",25 M. €,03,19,22,31,32,02,11,2019
"sx, 04 jan",17 M. €,07,11,19,27,37,06,10,2019
"te, 01 jan",128 M. €,01,08,11,25,28,04,06,2019
"te, 29 dez",28 M. €,07,32,39,40,45,03,08,2020
"sx, 25 dez",17 M. €,16,21,27,30,32,03,05,2020
"te, 22 dez",41 M. €,02,10,16,42,50,04,11,2020
"sx, 18 dez",30 M. €,02,03,13,17,21,07,08,2020
"te, 15 dez",17 M. €,09,13,21,29,35,01,02,2020
"sx, 11 dez",200 M. €,06,09,13,24,41,03,12,2020
"te, 08 dez",200 M. €,01,04,21,24,46,02,12,2020
"sx, 04 dez",200 M. €,14,20,27,34,38,01,11,2020
"te, 01 dez",178 M. €,14,20,29,47,49,04,12,2020
"sx, 27 nov",162 M. €,02,05,08,14,16,08,09,2020
"te, 24 nov",143 M. €,25,33,38,42,50,08,12,2020
"sx, 20 nov",130 M. €,28,29,39,48,50,05,07,2020
"te, 17 nov",74 M. €,16,19,25,30,44,02,06,2020
"sx, 13 nov",64 M. €,01,05,17,28,31,01,10,2020
"te, 10 nov",49 M. €,03,19,29,32,38,05,12,2020
"sx, 06 nov",39 M. €,07,12,37,40,50,01,02,2020
"te, 03 nov",26 M. €,05,07,18,20,30,06,07,2020
"sx, 30 out",17 M. €,12,16,20,21,28,03,09,2020
"te, 27 out",87 M. €,13,15,28,32,44,03,12,2020
"sx, 23 out",77 M. €,10,15,19,21,23,03,12,2020
"te, 20 out",64 M. €,05,06,15,37,42,03,04,2020
"sx, 16 out",53 M. €,15,33,38,40,50,03,06,2020
"te, 13 out",39 M. €,05,14,38,41,46,01,10,2020
"sx, 09 out",29 M. €,11,15,35,41,50,05,08,2020
"te, 06 out",17 M. €,04,21,36,41,47,09,11,2020
"sx, 02 out",29 M. €,06,12,15,40,45,03,09,2020
"te, 29 set",17 M. €,04,14,16,41,44,11,12,2020
"sx, 25 set",130 M. €,19,23,34,37,45,01,07,2020
"te, 22 set",76 M. €,16,25,28,39,40,01,06,2020
"sx, 18 set",67 M. €,02,10,19,25,45,01,07,2020
"te, 15 set",50 M. €,16,20,25,30,38,06,08,2020
"sx, 11 set",40 M. €,34,38,42,43,45,09,12,2020
"te, 08 set",26 M. €,02,09,31,35,41,09,12,2020
"sx, 04 set",17 M. €,06,22,29,40,43,04,07,2020
"te, 01 set",156 M. €,04,08,10,33,46,08,11,2020
"sx, 28 ago",140 M. €,07,12,16,17,31,07,09,2020
"te, 25 ago",122 M. €,07,18,30,37,39,08,10,2020
"sx, 21 ago",110 M. €,10,15,35,44,50,03,05,2020
"te, 18 ago",95 M. €,06,12,17,34,42,05,12,2020
"sx, 14 ago",85 M. €,09,10,19,42,49,04,12,2020
"te, 11 ago",73 M. €,08,13,14,42,50,03,09,2020
"sx, 07 ago",64 M. €,05,20,21,36,41,06,11,2020
"te, 04 ago",49 M. €,01,02,05,15,42,05,08,2020
"sx, 31 jul",39 M. €,21,24,30,46,49,02,05,2020
"te, 28 jul",26 M. €,09,13,15,17,34,02,07,2020
"sx, 24 jul",17 M. €,08,09,27,28,50,04,12,2020
"te, 21 jul",50 M. €,14,15,24,29,42,02,04,2020
"sx, 17 jul",39 M. €,07,15,27,41,43,07,09,2020
"te, 14 jul",26 M. €,11,22,30,37,47,09,10,2020
"sx, 10 jul",17 M. €,15,17,23,30,38,02,07,2020
"te, 07 jul",143 M. €,12,16,23,33,41,08,10,2020
"sx, 03 jul",130 M. €,04,16,27,37,39,03,06,2020
"te, 30 jun",61 M. €,01,06,11,28,42,02,10,2020
"sx, 26 jun",51 M. €,01,10,12,21,26,05,11,2020
"te, 23 jun",38 M. €,02,12,19,46,49,01,08,2020
"sx, 19 jun",28 M. €,05,14,19,24,43,03,11,2020
"te, 16 jun",17 M. €,04,09,11,17,39,02,10,2020
"sx, 12 jun",50 M. €,02,24,39,45,46,04,08,2020
"te, 09 jun",37 M. €,05,15,27,36,46,02,08,2020
"sx, 05 jun",28 M. €,05,11,17,24,37,03,06,2020
"te, 02 jun",17 M. €,10,12,22,26,49,07,11,2020
"sx, 29 mai",17 M. €,04,08,11,19,46,04,08,2020
"te, 26 mai",37 M. €,04,09,14,21,27,04,06,2020
"sx, 22 mai",27 M. €,03,18,22,27,32,02,07,2020
"te, 19 mai",17 M. €,05,25,32,37,43,06,07,2020
"sx, 20 mar",17 M. €,03,09,20,34,40,06,12,2020
"te, 17 mar",65 M. €,05,07,08,16,20,02,12,2020
"sx, 13 mar",54 M. €,03,11,21,27,36,09,10,2020
"te, 10 mar",40 M. €,11,23,30,37,43,05,12,2020
"sx, 06 mar",30 M. €,15,38,43,45,46,01,11,2020
"te, 03 mar",17 M. €,04,14,27,44,45,01,10,2020
"sx, 28 fev",66 M. €,08,11,20,22,23,03,04,2020
"te, 25 fev",51 M. €,01,04,18,27,42,04,06,2020
"sx, 21 fev",41 M. €,07,23,30,32,45,05,09,2020
"te, 18 fev",27 M. €,11,32,34,38,47,02,10,2020
"sx, 14 fev",17 M. €,05,20,35,41,49,06,10,2020
"te, 11 fev",17 M. €,24,26,32,43,46,06,10,2020
"sx, 07 fev",130 M. €,09,15,17,25,40,03,09,2020
"te, 04 fev",38 M. €,21,23,33,35,47,06,07,2020
"sx, 31 jan",28 M. €,13,18,20,23,30,02,04,2020
"te, 28 jan",17 M. €,01,19,27,31,38,04,05,2020
"sx, 24 jan",28 M. €,03,04,06,09,24,05,08,2020
"te, 21 jan",17 M. €,10,11,24,36,46,03,05,2020
"sx, 17 jan",100 M. €,08,19,20,29,44,03,08,2020
"te, 14 jan",90 M. €,21,25,29,39,44,08,09,2020
"sx, 10 jan",83 M. €,06,17,32,44,46,02,06,2020
"te, 07 jan",75 M. €,05,08,12,37,43,06,11,2020
"sx, 03 jan",62 M. €,05,15,20,36,47,08,12,2020
"sx, 31 dez",17 M. €,07,22,25,43,49,06,07,2021
"te, 28 dez",78 M. €,04,06,15,17,29,09,12,2021
"sx, 24 dez",68 M. €,02,26,28,34,41,05,10,2021
"te, 21 dez",51 M. €,12,17,21,34,38,02,03,2021
"sx, 17 dez",40 M. €,01,02,15,30,35,02,07,2021
"te, 14 dez",26 M. €,19,21,37,47,48,03,06,2021
"sx, 10 dez",17 M. €,11,21,33,38,42,02,08,2021
"te, 07 dez",143 M. €,22,31,38,46,47,07,11,2021
"sx, 03 dez",130 M. €,21,22,29,32,46,09,10,2021
"te, 30 nov",17 M. €,19,20,26,33,43,01,04,2021
"sx, 26 nov",163 M. €,01,20,41,42,50,03,07,2021
"te, 23 nov",145 M. €,17,21,36,42,46,07,10,2021
"sx, 19 nov",131 M. €,22,26,38,47,50,02,06,2021
"te, 16 nov",115 M. €,09,19,21,32,36,03,04,2021
"sx, 12 nov",104 M. €,02,09,15,47,50,06,09,2021
"te, 09 nov",89 M. €,17,25,26,33,36,01,08,2021
"sx, 05 nov",79 M. €,02,12,25,30,41,08,11,2021
"te, 02 nov",66 M. €,02,03,17,29,43,01,04,2021
"sx, 29 out",54 M. €,10,15,28,32,49,03,09,2021
"te, 26 out",40 M. €,12,15,20,42,44,01,02,2021
"sx, 22 out",30 M. €,12,17,22,33,39,02,12,2021
"te, 19 out",17 M. €,04,20,36,40,41,01,06,2021
"sx, 15 out",220 M. €,21,26,31,34,49,02,05,2021
"te, 12 out",220 M. €,06,13,22,45,49,10,11,2021
"sx, 08 out",202 M. €,01,10,23,42,46,03,05,2021
"te, 05 out",178 M. €,11,13,14,36,45,07,09,2021
"sx, 01 out",163 M. €,01,15,19,26,48,06,12,2021
"te, 28 set",143 M. €,06,07,12,33,39,01,07,2021
"sx, 24 set",130 M. €,02,12,20,27,41,10,12,2021
"te, 21 set",49 M. €,20,25,26,30,38,02,08,2021
"sx, 17 set",39 M. €,05,07,08,10,34,01,09,2021
"te, 14 set",26 M. €,12,18,35,38,45,02,08,2021
"sx, 10 set",17 M. €,01,06,07,18,28,02,08,2021
"te, 07 set",26 M. €,07,19,35,42,43,07,09,2021
"sx, 03 set",17 M. €,05,07,13,29,35,03,07,2021
"te, 31 ago",64 M. €,05,13,17,32,43,02,10,2021
"sx, 27 ago",53 M. €,02,03,31,46,50,08,12,2021
"te, 24 ago",39 M. €,19,21,36,44,50,03,10,2021
"sx, 20 ago",29 M. €,03,09,19,20,23,09,11,2021
"te, 17 ago",17 M. €,12,31,41,42,47,04,06,2021
"sx, 13 ago",110 M. €,06,12,44,47,49,08,12,2021
"te, 10 ago",94 M. €,09,37,47,48,49,02,07,2021
"sx, 06 ago",84 M. €,07,14,21,26,32,04,12,2021
"te, 03 ago",71 M. €,17,21,23,45,46,07,11,2021
"sx, 30 jul",62 M. €,10,23,33,35,37,05,10,2021
"te, 27 jul",48 M. €,05,09,19,21,25,10,12,2021
"sx, 23 jul",39 M. €,23,24,26,34,50,02,04,2021
"te, 20 jul",26 M. €,03,12,19,41,48,06,09,2021
"sx, 16 jul",17 M. €,05,16,42,47,49,03,11,2021
"te, 13 jul",26 M. €,05,06,08,11,22,03,04,2021
"sx, 09 jul",17 M. €,06,19,36,37,49,04,11,2021
"te, 06 jul",17 M. €,02,05,21,27,42,09,11,2021
"sx, 02 jul",77 M. €,09,14,29,38,49,07,10,2021
"te, 29 jun",64 M. €,06,12,20,24,48,05,06,2021
"sx, 25 jun",54 M. €,01,29,30,33,36,03,12,2021
"te, 22 jun",40 M. €,06,24,26,27,41,03,08,2021
"sx, 18 jun",30 M. €,11,20,27,30,41,03,05,2021
"te, 15 jun",17 M. €,11,21,26,30,31,02,03,2021
"sx, 11 jun",30 M. €,09,17,21,33,39,07,11,2021
"te, 08 jun",17 M. €,02,11,26,36,47,07,09,2021
"sx, 04 jun",130 M. €,07,20,36,40,46,02,04,2021
"te, 01 jun",88 M. €,03,10,26,35,44,06,07,2021
"sx, 28 mai",78 M. €,11,13,16,34,40,01,12,2021
"te, 25 mai",65 M. €,01,21,26,30,38,02,08,2021
"sx, 21 mai",55 M. €,02,09,13,15,35,03,10,2021
"te, 18 mai",41 M. €,05,13,38,39,40,04,12,2021
"sx, 14 mai",30 M. €,06,16,18,29,38,06,11,2021
"te, 11 mai",17 M. €,14,25,34,43,46,05,06,2021
"sx, 07 mai",69 M. €,14,22,33,38,47,08,09,2021
"te, 04 mai",53 M. €,03,10,13,28,46,04,11,2021
"sx, 30 abr",42 M. €,01,16,24,28,46,02,11,2021
"te, 27 abr",26 M. €,13,14,24,35,49,01,10,2021
"sx, 23 abr",17 M. €,03,14,15,19,29,02,08,2021
"te, 20 abr",69 M. €,05,17,28,41,46,10,11,2021
"sx, 16 abr",58 M. €,06,11,29,40,48,05,09,2021
"te, 13 abr",42 M. €,16,20,31,47,50,02,08,2021
"sx, 09 abr",31 M. €,02,08,32,35,44,08,11,2021
"te, 06 abr",17 M. €,02,21,37,38,50,07,08,2021
"sx, 02 abr",144 M. €,04,21,34,40,47,02,05,2021
"te, 30 mar",125 M. €,24,27,28,29,42,04,08,2021
"sx, 26 mar",115 M. €,10,12,37,49,50,03,08,2021
"te, 23 mar",97 M. €,02,26,29,36,49,03,09,2021
"sx, 19 mar",86 M. €,03,09,35,43,44,01,10,2021
"te, 16 mar",71 M. €,23,25,32,35,47,02,06,2021
"sx, 12 mar",58 M. €,04,06,09,11,44,10,11,2021
"te, 09 mar",43 M. €,01,16,21,32,33,11,12,2021
"sx, 05 mar",30 M. €,04,05,39,46,48,07,10,2021
"te, 02 mar",17 M. €,02,19,24,26,49,06,07,2021
"sx, 26 fev",210 M. €,06,12,22,29,33,06,11,2021
"te, 23 fev",210 M. €,09,18,30,39,45,01,03,2021
"sx, 19 fev",202 M. €,04,12,25,46,48,07,12,2021
"te, 16 fev",179 M. €,05,09,25,29,30,06,07,2021
"sx, 12 fev",163 M. €,07,23,30,32,36,08,12,2021
"te, 09 fev",144 M. €,05,10,24,31,37,09,10,2021
"sx, 05 fev",130 M. €,12,19,37,44,45,02,06,2021
"te, 02 fev",40 M. €,18,20,35,38,48,09,12,2021
"sx, 29 jan",30 M. €,01,05,27,36,42,01,06,2021
"te, 26 jan",17 M. €,05,07,25,37,40,02,08,2021
"sx, 22 jan",79 M. €,08,16,42,44,47,06,07,2021
"te, 19 jan",67 M. €,25,27,31,35,43,05,06,2021
"sx, 15 jan",55 M. €,04,10,27,38,40,03,11,2021
"te, 12 jan",41 M. €,02,10,18,34,35,06,09,2021
"sx, 08 jan",30 M. €,18,23,37,41,42,04,06,2021
"te, 05 jan",17 M. €,12,34,37,38,42,01,03,2021
"sx, 01 jan",42 M. €,16,28,32,44,48,01,09,2021
"sx, 30 dez",17 M. €,17,34,42,47,48,01,09,2022
"te, 27 dez",26 M. €,19,31,33,34,43,03,05,2022
"sx, 23 dez",17 M. €,16,17,23,26,35,05,11,2022
"te, 20 dez",51 M. €,01,11,17,20,27,04,05,2022
"sx, 16 dez",40 M. €,02,15,19,35,44,02,07,2022
"te, 13 dez",27 M. €,03,09,12,26,30,10,11,2022
"sx, 09 dez",17 M. €,08,27,31,46,50,01,03,2022
"te, 06 dez",143 M. €,12,20,25,26,27,08,12,2022
"sx, 02 dez",130 M. €,12,21,35,39,45,06,11,2022
"te, 29 nov",87 M. €,15,20,24,35,38,08,12,2022
"sx, 25 nov",77 M. €,19,21,35,37,39,02,06,2022
"te, 22 nov",65 M. €,21,22,24,29,42,03,11,2022
"sx, 18 nov",54 M. €,13,16,19,35,41,01,11,2022
"te, 15 nov",40 M. €,13,21,24,31,33,01,12,2022
"sx, 11 nov",30 M. €,02,19,24,25,44,02,10,2022
"te, 08 nov",17 M. €,03,05,32,33,50,01,08,2022
"sx, 04 nov",160 M. €,02,11,37,45,47,02,03,2022
"te, 01 nov",142 M. €,19,37,42,47,48,01,06,2022
"sx, 28 out",130 M. €,14,16,21,28,35,01,11,2022
"te, 25 out",115 M. €,07,24,34,39,46,01,06,2022
"sx, 21 out",103 M. €,25,26,28,38,40,01,06,2022
"te, 18 out",89 M. €,03,05,13,42,48,01,06,2022
"sx, 14 out",79 M. €,24,28,29,34,48,03,07,2022
"te, 11 out",66 M. €,08,23,32,35,40,01,08,2022
"sx, 07 out",55 M. €,26,27,42,45,50,01,12,2022
"te, 04 out",40 M. €,03,18,28,42,43,03,12,2022
"sx, 30 set",30 M. €,01,02,11,16,26,03,12,2022
"te, 27 set",17 M. €,04,20,21,34,44,01,03,2022
"sx, 23 set",194 M. €,14,15,22,35,48,03,08,2022
"te, 20 set",174 M. €,11,21,23,32,48,03,12,2022
"sx, 16 set",160 M. €,10,27,36,45,49,03,04,2022
"te, 13 set",143 M. €,09,12,15,40,47,01,11,2022
"sx, 09 set",130 M. €,17,23,24,26,27,04,09,2022
"te, 06 set",17 M. €,07,10,22,29,44,04,05,2022
"sx, 02 set",127 M. €,07,12,13,20,45,03,12,2022
"te, 30 ago",112 M. €,04,06,10,15,19,01,04,2022
"sx, 26 ago",100 M. €,22,23,25,38,44,11,12,2022
"te, 23 ago",87 M. €,19,26,31,39,48,02,03,2022
"sx, 19 ago",77 M. €,02,09,13,19,38,02,06,2022
"te, 16 ago",65 M. €,10,14,25,32,39,07,08,2022
"sx, 12 ago",54 M. €,14,17,34,35,42,06,10,2022
"te, 09 ago",39 M. €,18,19,21,27,47,05,11,2022
"sx, 05 ago",30 M. €,03,29,33,35,44,08,10,2022
"te, 02 ago",17 M. €,07,18,28,40,48,08,11,2022
"sx, 29 jul",40 M. €,03,23,38,43,48,03,08,2022
"te, 26 jul",26 M. €,03,05,17,25,27,01,09,2022
"sx, 22 jul",17 M. €,16,18,29,32,50,04,11,2022
"te, 19 jul",230 M. €,06,23,27,40,41,02,12,2022
"sx, 15 jul",230 M. €,09,17,29,38,39,07,10,2022
"te, 12 jul",230 M. €,14,18,24,25,50,06,11,2022
"sx, 08 jul",230 M. €,28,31,35,43,46,04,07,2022
"te, 05 jul",217 M. €,07,10,25,45,48,03,06,2022
"sx, 01 jul",198 M. €,06,18,24,34,46,03,12,2022
"te, 28 jun",176 M. €,10,35,42,47,48,02,11,2022
"sx, 24 jun",161 M. €,10,17,28,44,50,08,12,2022
"te, 21 jun",143 M. €,06,23,36,39,47,08,10,2022
"sx, 17 jun",130 M. €,19,21,22,31,38,07,11,2022
"te, 14 jun",17 M. €,02,07,27,34,40,03,11,2022
"sx, 10 jun",65 M. €,17,26,36,37,40,09,12,2022
"te, 07 jun",51 M. €,06,16,17,25,31,02,06,2022
"sx, 03 jun",39 M. €,12,28,29,34,48,09,11,2022
"te, 31 mai",27 M. €,03,10,13,42,49,03,09,2022
"sx, 27 mai",17 M. €,15,23,28,34,48,03,05,2022
"te, 24 mai",52 M. €,10,13,27,36,37,02,10,2022
"sx, 20 mai",42 M. €,08,22,23,32,50,03,09,2022
"te, 17 mai",27 M. €,05,28,30,48,49,05,11,2022
"sx, 13 mai",17 M. €,03,11,17,45,48,04,08,2022
"te, 10 mai",215 M. €,03,25,27,28,29,04,09,2022
"sx, 06 mai",195 M. €,03,08,18,24,40,03,11,2022
"te, 03 mai",173 M. €,08,20,26,47,48,03,08,2022
"sx, 29 abr",158 M. €,10,11,20,36,37,03,07,2022
"te, 26 abr",137 M. €,04,25,28,34,45,08,11,2022
"sx, 22 abr",124 M. €,06,11,21,35,36,01,09,2022
"te, 19 abr",109 M. €,02,12,17,28,46,06,10,2022
"sx, 15 abr",99 M. €,06,24,30,32,48,05,06,2022
"te, 12 abr",87 M. €,21,30,31,35,47,02,10,2022
"sx, 08 abr",77 M. €,01,15,16,38,45,04,11,2022
"te, 05 abr",64 M. €,01,11,13,24,49,05,06,2022
"sx, 01 abr",53 M. €,02,07,21,31,45,04,10,2022
"te, 29 mar",41 M. €,08,11,33,42,43,06,11,2022
"sx, 25 mar",32 M. €,06,10,24,27,29,05,12,2022
"te, 22 mar",17 M. €,07,17,21,29,40,08,11,2022
"sx, 18 mar",54 M. €,01,09,14,17,43,06,12,2022
"te, 15 mar",40 M. €,01,02,12,19,26,02,08,2022
"sx, 11 mar",30 M. €,12,19,22,23,48,02,06,2022
"te, 08 mar",17 M. €,12,18,21,25,31,02,09,2022
"sx, 04 mar",78 M. €,06,20,40,42,43,10,12,2022
"te, 01 mar",66 M. €,08,24,26,39,42,03,05,2022
"sx, 25 fev",54 M. €,10,13,24,30,42,01,05,2022
"te, 22 fev",40 M. €,05,09,14,26,32,03,07,2022
"sx, 18 fev",30 M. €,25,38,41,43,50,06,10,2022
"te, 15 fev",17 M. €,09,20,31,33,44,02,12,2022
"sx, 11 fev",30 M. €,13,18,38,42,45,07,11,2022
"te, 08 fev",17 M. €,06,20,34,37,43,07,10,2022
"sx, 04 fev",130 M. €,03,25,38,43,49,03,07,2022
"te, 01 fev",61 M. €,01,19,36,38,49,06,09,2022
"sx, 28 jan",49 M. €,10,25,29,34,45,09,10,2022
"te, 25 jan",29 M. €,06,16,18,39,47,02,04,2022
"sx, 21 jan",17 M. €,05,14,35,36,39,07,12,2022
"te, 18 jan",66 M. €,03,12,19,24,30,02,05,2022
"sx, 14 jan",54 M. €,06,17,25,31,46,09,12,2022
"te, 11 jan",40 M. €,04,23,32,33,44,09,12,2022
"sx, 07 jan",30 M. €,02,14,37,44,50,07,11,2022
"te, 04 jan",17 M. €,18,28,35,36,41,06,11,2022
"te, 29 ago",92 M. €,21,23,32,40,49,08,11,2023
"sx, 25 ago",83 M. €,16,17,34,35,44,05,10,2023
"te, 22 ago",71 M. €,02,09,23,32,40,06,07,2023
"sx, 18 ago",63 M. €,23,25,30,44,47,09,12,2023
"te, 15 ago",49 M. €,03,05,09,32,43,06,10,2023
"sx, 11 ago",39 M. €,04,06,10,13,34,03,05,2023
"te, 08 ago",26 M. €,08,09,33,35,40,03,06,2023
"sx, 04 ago",17 M. €,15,20,31,44,48,01,03,2023
"te, 01 ago",71 M. €,25,27,35,40,45,07,11,2023
"sx, 28 jul",63 M. €,07,32,33,34,38,06,09,2023
"te, 25 jul",49 M. €,05,07,11,27,37,06,12,2023
"sx, 21 jul",39 M. €,07,31,33,35,36,07,10,2023
"te, 18 jul",26 M. €,04,12,34,35,45,01,09,2023
"sx, 14 jul",17 M. €,05,08,29,35,48,05,06,2023
"te, 11 jul",73 M. €,02,11,28,42,48,04,09,2023
"sx, 07 jul",63 M. €,02,11,12,19,38,04,08,2023
"te, 04 jul",50 M. €,14,17,23,36,44,02,08,2023
"sx, 30 jun",39 M. €,01,06,25,29,36,07,10,2023
"te, 27 jun",26 M. €,17,22,23,27,44,01,07,2023
"sx, 23 jun",17 M. €,01,03,11,33,46,10,11,2023
"te, 20 jun",64 M. €,11,17,28,32,35,05,06,2023
"sx, 16 jun",53 M. €,07,26,34,41,44,09,11,2023
"te, 13 jun",39 M. €,15,16,21,41,50,05,06,2023
"sx, 09 jun",30 M. €,18,26,36,41,50,11,12,2023
"te, 06 jun",17 M. €,13,21,32,39,50,02,10,2023
"sx, 02 jun",130 M. €,03,12,15,25,43,10,11,2023
"te, 30 mai",87 M. €,27,29,32,33,47,02,08,2023
"sx, 26 mai",77 M. €,15,25,37,38,41,01,07,2023
"te, 23 mai",65 M. €,05,06,14,23,34,02,11,2023
"sx, 19 mai",55 M. €,18,27,34,41,49,03,09,2023
"te, 16 mai",40 M. €,04,06,09,14,37,04,11,2023
"sx, 12 mai",30 M. €,09,10,13,39,44,04,06,2023
"te, 09 mai",17 M. €,13,17,21,28,46,07,09,2023
"sx, 05 mai",158 M. €,03,08,18,34,49,03,07,2023
"te, 02 mai",141 M. €,07,32,44,47,48,07,08,2023
"sx, 28 abr",128 M. €,11,13,16,23,34,01,10,2023
"te, 25 abr",112 M. €,10,29,30,40,45,01,12,2023
"sx, 21 abr",100 M. €,07,08,18,33,42,02,08,2023
"te, 18 abr",86 M. €,17,21,23,35,37,10,11,2023
"sx, 14 abr",76 M. €,04,11,37,44,49,06,07,2023
"te, 11 abr",64 M. €,10,14,16,19,29,02,10,2023
"sx, 07 abr",54 M. €,05,26,28,36,46,06,12,2023
"te, 04 abr",40 M. €,10,16,31,33,50,03,08,2023
"sx, 31 mar",30 M. €,16,18,28,34,47,05,10,2023
"te, 28 mar",17 M. €,16,21,34,36,44,09,10,2023
"sx, 24 mar",66 M. €,05,12,25,36,46,06,10,2023
"te, 21 mar",51 M. €,01,09,20,29,32,02,03,2023
"sx, 17 mar",40 M. €,05,15,26,37,49,08,11,2023
"te, 14 mar",27 M. €,16,26,28,31,46,11,12,2023
"sx, 10 mar",17 M. €,09,16,37,38,48,02,07,2023
"te, 07 mar",143 M. €,11,13,24,35,50,06,11,2023
"sx, 03 mar",130 M. €,03,06,08,24,50,10,11,2023
"te, 28 fev",17 M. €,12,29,33,37,47,05,10,2023
"sx, 24 fev",101 M. €,07,23,34,42,48,01,03,2023
"te, 21 fev",87 M. €,21,22,34,41,49,02,07,2023
"sx, 17 fev",77 M. €,08,23,27,42,45,01,09,2023
"te, 14 fev",62 M. €,24,26,38,43,46,02,03,2023
"sx, 10 fev",51 M. €,03,13,25,36,47,03,08,2023
"te, 07 fev",36 M. €,02,08,34,44,47,03,09,2023
"sx, 03 fev",17 M. €,02,14,17,32,45,03,10,2023
"te, 31 jan",64 M. €,07,12,19,33,43,03,07,2023
"sx, 27 jan",54 M. €,08,09,15,19,31,10,12,2023
"te, 24 jan",40 M. €,11,27,41,43,47,07,11,2023
"sx, 20 jan",30 M. €,03,06,13,40,42,07,11,2023
"te, 17 jan",17 M. €,18,21,30,46,50,02,06,2023
"sx, 13 jan",65 M. €,04,13,25,33,37,05,10,2023
"te, 10 jan",50 M. €,11,13,34,40,42,03,10,2023
"sx, 06 jan",40 M. €,16,31,35,44,45,04,12,2023
"te, 03 jan",27 M. €,20,21,29,45,46,03,10,2023
